Rating,User,Category,Age,Date,Review,Review_cate
5,하나투어 회원,아동동반 여행으로 좋아요,40대,2025.01.22,일본은 처음 방문하고 아이와 함께 가는 거라 자유여행과 패키지여행 중 고민이 많았어요 그러다 일정구성이 좋고 이동이 편한 이번 패키지를 선택하게 됐어요 설레는 맘으로 도착한 인천공항에서 송현희 가이드님을 만나 설명을 듣고 일본으로 출발!! 칸사이공항에 도착해서 가이드님께서 나가는 법을 잘 설명해주셔서 당황하지 않고 무사히 공항을 빠져나갔어요 가이드님께서는 이번 패키지 팀 이름도 모두 외우신건지!! 계속 이름을 불러주시며 얘기를 해주시는게 좋았어요 ^^ 이번 여행은 날씨&교통 요정이 도와준 덕에 날씨는 너무 화창하니...,"객실이 깨끗해요
일정이 알차요
가격만큼 가치 있어요
가이드가 재밌어요"
5,imp****,아동동반 여행으로 좋아요,40대,2025.01.21,일본은 처음이라 패키지로 다녀온 여행 송현희가이드님의 외모에 반하고 개그맨 뺨치는 재미 유머 웃음 특히 배우를 뛰어넘는 그 누구도 따라할수없는 연기력는 정말 최고중의 최고여서 반하지 않을수 없었어요 매번 사소한거 다 챙겨주시고 이동시간 지루하지 않게 일본역사 문화 주의사항 귀에 쏙쏙 박히게 설명 잘해주시고 각종 에피소드와 개인인생사 얘기는 너무재미있어서 잊지못할거같아요 가이드님의 열정모드와 같이 버스탄 일행분들 모두 천절하셔서 기억에 남은 일본 첫 여행이였어요 재미있었어요.,"가이드가 전문적이에요
가이드가 열정적이에요
가이드가 배려 깊고 세심해요
가이드가 재밌어요
일정이 알차요"
5,mi-***,가족여행으로 좋아요,40대,2025.01.20,김민좌 가이드님과 함께힌 가족 여행 최고였어요 오랜 내공으로 전문적 지식과 편안하게 인솔해 주신 덕분에 네식구 여행 너무 너무 좋았습니다 다음 일본 여행지에서도 또 뵐 수 있었으면 좋겠습니다 -공항에서 짐 찾는 순간까지 함께 해 주셨어요 -열외자 없이 여행지에서 상세한 약속장소 시간 안내 최고 였어요 -역사적 설명에 재미있는 경험담까지 설명 듣는 내내 재미 있었어요 -멤버들을 금방 다 기억해 주시고 이름까지 불러 주셔서 감사했어요,"객실이 깨끗해요
호텔이 시내에 있어요
일정이 여유로워요
현지 음식이 맛있어요
가이드가 전문적이에요"
5,spa***********,가족여행으로 좋아요,10대,2025.01.20,첫 해외여행이었는데 정말 즐겁고 재미있는 여행으로 기억에 남을 일본여행을 할 수 있었던 것 같아요. 첫 해외여행이라 나름대로 걱정이 많았는데 김동규가이드님이 너무 친절하고 세심하게 인솔해주셔서 너무 편안한 여행이 되었던 것 같아요! 해외여행이 처음이시거나 가족분들과 함께 일본여행을 하고 싶은 분들께 정말 강추드리고 싶어요! 추가적으로 김동규가이드님 너무 감사드려요. 친절하시고 꼼꼼하게 챙겨주시면서 안내해주셔서 너무 편안한 여행이 되었던 것 같아요. 즐거운 추억을 만들어주셔서 정말 감사합니다!,"호텔이 관광지와 가까워요
호텔 부대시설이 좋아요
일정이 알차요
가이드가 열정적이에요
가이드가 배려 깊고 세심해요"
5,ara*********,가족여행으로 좋아요,30대,2025.01.17,"가족과 함께했던 첫 해외 여행~♡ 일정이 빡빡 하지도 부족하지도 않고 알찼었던😍 패키지로 가다보니, 저희 가족 외에 다른 가족들과도 함께했는데 서먹함없이 잘 지냈고, 여행을 함께 한 모든 분들을 안전하게 첫날부터 마지막 날까지 운전해주신 기사님 ! 오쿠다상~ ありがとうございます~♡♡ 그리고 여행내내 제일 중요한 분이셨던~ 우리 박수경 ( 박상 ) 가이드님😘😘 짧다면 짧고, 길다면 길던 3박4일동안 정말 감사드리고, 수고하셨습니다😍 어쩜~ 귀에 쏙쏙 들어오게 설명 하시는지! 게다가 어찌나 재미있게 말씀을 해주시던지~ 하루하루 ...","호텔이 관광지와 가까워요
일정이 알차요
현지 음식이 맛있어요
가격만큼 가치 있어요
가이드가 재밌어요"
5,hig***,가족여행으로 좋아요,40대,2025.01.16,가족과의 일본여행이 처음이라 걱정했는데 다양한 경험을 할 수 있었어요. 특히 경태훈 드라이빙 가이드님이 이동하는 장소와 즐길 거리에 대해 알기쉽게 설명해주셔서 관광을 더 즐겁게 즐길 수 있었답니다. 편안하고 즐거운 여행되었어요.,"객실이 깨끗해요
일정이 알차요
가격만큼 가치 있어요
현지 음식이 다양해요"
5,kir******,가족여행으로 좋아요,40대,2025.01.13,"처음 간 일본여행 대만족입니다. 이번엔 지인들과 갔는데 다음엔 가족들과 한번 더 가고 싶어요. 행복하고 즐거운 여행이었어요. 특히 이수빈가이드님의 전문적이고 친절한 설명, 어떤 질문에도 항상 밝고 따뜻하게 말씀해주셔서 감사했어요. 전반적으로 만족스러운 여행이었습니다.","호텔이 관광지와 가까워요
일정이 알차요
현지 음식이 맛있어요
가이드가 전문적이에요
가이드가 열정적이에요"
4,986*****,커플여행으로 좋아요,50대,2025.01.08,처음방문한 일본 기대가 컷던 만큼 조금은 아쉬웠던 여행이였네요~일본신정을 쉬는연휴인줄 모르고 계획한여행 ~많은사람들로 부적이는 조금 힘든 여행이였네요 그래도 이수빈 가이드님의 차분하고도 전문적인 인솔로 다소많게 느껴던 30명이 넘는 인원을 조금의 불펀함도 느낄 수가 없었네요~최선을 다하는 모습에 감사드리며 일행분들 또한 정말 좋은분들이여서 지금도 생각이나네요~제대로 인사도 못하고 헤어져서 아쉬운 마음이였는데 우연히 한국 에서 마주칠줄이야~이수빈가이드님 또 다른 여행으로 같이하고싶네요,"객실이 깨끗해요
일정이 여유로워요
현지 음식이 다양해요
가격이 합리적이에요
가이드가 배려 깊고 세심해요"
4,kan********,가족여행으로 좋아요,50대,2025.01.07,여행 첫날 자유로운 오사카 시내 관광과 쇼핑은 정말 굿... 세쨋날 멋진 뷰가 함께하는 스시 정식~ 너무 맛있고 좋았어요. 또한 오사카 성에서 가이드님의 전문적인 설명은 정말 굿.... 새롭게 알게된 많은 지식들이 많아지는 시간이었다.,"객실이 깨끗해요
즐길 거리가 다양해요
식당 뷰가 좋아요
가격이 합리적이에요
가이드가 전문적이에요"
5,gub*******,가족여행으로 좋아요,30대,2025.01.04,"신용섭 가이드님 덕분에 좋은 관광이 되었습니다. 일본의 첫 관광으로 4일 오사카, 교토를 관광하며 만족스러운 시간이 되었습니다. 가이드님께서 일본의 역사에 대한 설명 등 자세히 해주셔서 유익한 시간이 되었습니다. 나날이 발전하시길 바라겠습니다.","가이드가 전문적이에요
가이드가 열정적이에요
가이드가 배려 깊고 세심해요
가이드가 재밌어요
일정이 여유로워요"
4,bbc*****,아동동반 여행으로 좋아요,40대,2025.01.02,"첫 일본여행이라 패키지로 선택했어요 아이들과 버스만 타면 목적지까지 태워주시니 편했어요~ 연말이라 사람들이 정말 많아서 저녁 식당가도 웨이팅은 기본이었으나, 가이드님의 추천으로 갔던 스시집은 정말 최고였어요~👍 기다린 보람이 있었죠~^^ 많이 걷는 일정들이라 다리에 감각이 없을정도로 걸어서~ 편한 운동화는 필수예요.","객실이 깨끗해요
일정이 알차요
현지 음식이 맛있어요
가격이 합리적이에요
가이드가 열정적이에요"
5,띠니맘,친구모임으로 좋아요,50대,2024.12.20,지인들과 모녀동반으로 처음 패키지 여행을 다녀왔습니다. 볼거리 .먹거리도 좋았구요! 날씨도 너~무 좋았고 친절하고 배려깊은 가이드님 덕분에 즐거운 여행 되었습니다~ 다음 여행도 하나투어와 함께 하고 싶네요~~,"객실이 깨끗해요
일정이 알차요
현지 음식이 맛있어요
가격이 합리적이에요
가이드가 배려 깊고 세심해요"
5,ang*****,가족여행으로 좋아요,40대,2024.12.19,"호주여행때도 가이드님이 정말 잘 해 주셔서 기억에 남았는데, 이번 일본여행도 가이드님의 친절함과 열정에 감사드려요. 버스 이동할때마다. 그 지역의 역사와 특징적인 설명을 해주시는 부분이 제일 좋았습니다. 제가 첫날부터 눈이 아파 눈을 감고 있었지만 절대 잔거아님. ^^ 이번 여행은 아이 위주 여행이었는데 정말 잘 간거 같은게 아이가 SNS검색하고 맛집 탐방하고, 현지인들과 적극적으로 소통할려는 모습이 넘 좋았습니다. 저렇게 적극적일 줄이야. ㅋㅋ 짧은 일정중 마지막 점심은 아이도 저도 참 맛있게 먹었습니다. 호주 가이드님과 ...","현지 음식이 다양해요
호텔이 관광지와 가까워요
가이드가 전문적이에요
가이드가 열정적이에요"
4,spe******,가족여행으로 좋아요,50대,2024.12.19,우리 민짱가이드님의 전문성과 편안한설명으로 정말로 편하게 다녀왔어요 매방문지마다 자세한 알림으로 길을 쉽게 찾을수있도록 해주었으며 패키지여행은 많이 다녔지만 이렇게 열정과 세심한배려로 편한한 가족여행이었네요 호텔이 도심과 가까워서 좋았으나 호텔 컨디션은 청결문제는 해결을 해야할듯 (공청내부및 화장실 환풍기등등),"호텔이 관광지와 가까워요
일정이 알차요
일정이 여유로워요
현지 음식이 맛있어요
가이드가 배려 깊고 세심해요"
4,sky****,가족여행으로 좋아요,40대,2024.12.14,엄마와 처음가본일본오사카 한국의 경주같았습니다 산책하기좋고 간식거리들이 다양하고 맛있었습니다 패키지라 일찍일어나야하는게 조금힘들었지만 그래도알차고 온천 또한 아늑하고 좋았습니다.,"호텔이 관광지와 가까워요
호텔이 시내에 있어요
식당이 청결해요
가이드가 전문적이에요
가격이 합리적이에요"
4,ejy*****,친구모임으로 좋아요,50대,2024.12.05,친구들과 함께 하는 첫 여행이라서 패키지 여행을 선택했습니다. 일행 모두가 만족하는 여행이었습니다. 다음에도 하나투어와 함께하는 여행이 될거 같습니다. 숙소도 깨끗하고 여행일정도 알챠고해서 다음여행지를 어디로 할지 고민중입니다.,"호텔이 시내에 있어요
일정이 알차요
가격만큼 가치 있어요
가이드가 전문적이에요
가이드가 배려 깊고 세심해요"
5,bm_***,가족여행으로 좋아요,50대,2024.11.25,"아라시야마, 교토, 오사카, 고베 각각 개성 있고 아름다운 곳이었어요. 특히 처음 가본 아라시야마 기억에 남네요. 식사도 다 좋았고, 호텔도 깨끗하고 조식 식당은 작지만 알찬 구성으로 다 맛있었습니다. 도톤보리 시내에 위치한 호텔이라 저녁에 주변을 구경하기도 좋았습니다. 다음에도 또 가고 싶은 일정입니다. 이번에 함께 한 배혜원 가이드님은 고객들 니즈에 맞는 필요한 정보만 딱 정리해서 머리에 쏙 들어오게 잘 설명해 주시고 일정도 효율적으로 운영해 주셔서 각 목적지마다 열정적인 설명과 안내도 받으면서 동시에 자유시간도 아쉬움 없이 ...","가이드가 전문적이에요
가이드가 열정적이에요
가이드가 배려 깊고 세심해요
일정이 여유로워요
호텔이 시내에 있어요"
5,hsh****,가족여행으로 좋아요,30대,2024.11.21,비교적 신혼부부인 우리커플은 오사카와 근교를 여행하고 싶었지만 언어와 교통의 장벽으로 인해 패키지를 알아보던 중 우연히 하나투어 패키지를 보았고 선택했고 결과는 대성공이었습니다 알찬 구성 덕분에 바유여행으로는 들르지못할 많은 곳들을 구경할 수 있었어요 특히나 송재영 가이드님은 꼼꼼하시고 재미있으셔서 여행내내 유쾌한 분위기를 조성해주셨어요 건강에 대해서도 박학하셔서 좋은 제품 추천도 많이 해주셨어요 비교적 자유시간을 많이 주셔서 이곳저곳 둘러볼수있어서 좋았답니다 같이 여행하시는 분들중에는 어르신들이 많이 계셨는데 젊다고 이쁘게 봐...,"호텔에서 쉬기 좋아요
일정이 알차요
식당이 청결해요
가격이 합리적이에요
가이드가 배려 깊고 세심해요"
5,cer****,가족여행으로 좋아요,20대,2024.11.15,2박3일 오사카여행 가족들이랑 재미있게 다녀왔어요! 김미림 가이드님께서 세심하게 챙겨주셔서 감사했습니당~ 첫날 비행시간이 너무 빨라서 여행내내 피곤하긴했지만 여기저기 알차게 잘 다녀온 것 같아요. 날씨도 너무 좋았구요!! 가족여행으로 오사카패키지 추천합니다bb,"일정이 알차요
현지 음식이 맛있어요
가격이 합리적이에요
가이드가 배려 깊고 세심해요
가이드가 열정적이에요"
4,okzldnl,가족여행으로 좋아요,20대,2024.10.27,여름의 오사카는 더웠습니다❤️‍🔥 하지만 한수아 가이드님 덕분에 일본과 한국의 숨은 이야기들을 들으며 흥미롭게 관광할 수 있었습니다 :) 패키지라 여행일정이 여유롭지 않고 촉박할 것 같았는데 구성이 알차고 관광하기에 충분한 시간을 주셨으며 한국인 입맛에 맞는 일본의 다양한 음식을 맛볼 수 있어 좋았습니다! 다음번에도 하나투어 패키지! 이용하겠습니다🩶,"객실이 깨끗해요
일정이 알차요
일정이 여유로워요
현지 음식이 맛있어요
가격이 합리적이에요"
5,hj0***,가족여행으로 좋아요,40대,2024.10.26,우리가족 첫 해외여행이였어요~~ 아이들 데리고 해외여행을 계획하다가 큰아이가 일본에 가자고해서 선택했어요~ 언어도 안되고 잘 모르는 곳이라 걱정했는데 가이드님이 공항에서 부터 친절하고 자세히 설명해주시고 현지에서는 가는 곳곳마다 이동하는 내내 목이 쉴 정도로 자세히 설명해주시고 맛집들도 알려주셔서 지루할 틈 없이 너무 즐거운 가족여행을 하고 왔어요~~ 짧다면 짧은 기간동안 오사카의 여러곳을 다녀보고 좋았습니다 야사카신사와 하나미코지 갔을때 게이샤를 준비하는 마이코?들이 먹는 간식이라며 가이드님이 맛보게해주신 과자도 맛있었어요~~...,"일정이 알차요
현지 음식이 맛있어요
가격이 합리적이에요
가이드가 전문적이에요"
4,hsk*****,가족여행으로 좋아요,40대,2024.10.21,정현숙 가이드님의 인솔하에 즐거운 가족여행이었습니다. 객실은 작지만 깨끗했고 조식이 깔끔하니 맛있었어요. 제공되는 식사들이 겹치지 않고 맛있는 편이었어요. 차 안에서의 이동 시에 가이드님의 일복역사 등의 재미난 설명으로 지루함이 없고 알찬 정보 너무 좋았고요. 가이드님이 찍어주신 사진은 우리 네식구가 간만에 건진 인생샷이 되었답니다. 2박 3일이라는 일정이 너무 짧다는 생각이 들 정도로 시간이 후딱 지나갔어요. 다음 일본 여행때도 가이드님 뵈면 좋겠어요.,"객실이 깨끗해요
가이드가 전문적이에요
가이드가 열정적이에요
가이드가 배려 깊고 세심해요
가이드가 재밌어요"
5,man*******,가족여행으로 좋아요,40대,2024.10.14,이지현가이드님과 함께 여행 동행 하였는데...가이드님을 잘 만나서 일정 내내 즐겁고 많은 정보도 알려주시고 너무 좋았습니다. 식사때도 자녀의 식성까지 챙겨 주시니 더할나위 없이 짱이였어요 감사합니다^^,"호텔이 관광지와 가까워요
즐길 거리가 다양해요
식당 뷰가 좋아요
가이드가 배려 깊고 세심해요
가격이 합리적이에요"
5,skk*****,가족여행으로 좋아요,40대,2024.10.11,"2박3일이 훌쩍 지나갔습니다. 바쁜 일정에, 무탈하게 재미있게 해주신 강영아 가이드님께 감사드립니다. 유투버 마쯔다부장을 통해 동경해오던 오사카여행을 알차게 다녀왔습니다. 특히, 중2아들은 다른 나라 문화를 배우며, 견물을 넓히는데 충분한 여행이었습니다.","호텔이 관광지와 가까워요
즐길 거리가 다양해요
현지 음식이 맛있어요
가격만큼 가치 있어요
가이드가 전문적이에요"
5,eus*****,가족여행으로 좋아요,30대,2024.10.05,"이번에 부모님과 이모네와 같이 처음 떠나는 해외여행이라서 걱정이 많이 되었는데 하나투어와 함께하니 더할나위 없이 좋았네요💕 2박3일이라는 짧은여행에, 이틀은 비가 계속 내려서 사진은 조금 우중충하게 찍혔지만 어른들은 비가와도 좋으시다며 행복해하셨네요(오히려 첫날 습하고 더웠던것 때문에 '오히려 좋아'였어요🤣🤣) 특히 강성희 가이드님이 재미있게 일본 역사에 대해 이야기해주셔서 버스타고 이동하는 시간에도 지루하지 않았고 저희 어른들을 잘 챙겨주셔서 가이드님 만족도 200% 였습니다😍 (부모님과 이모가 계속 가이드님 칭찬을 하셔요...","객실이 깨끗해요
가이드가 열정적이에요
가이드가 배려 깊고 세심해요
가이드가 재밌어요
일정이 알차요"
5,yao******,가족여행으로 좋아요,40대,2024.10.04,오사카 고베 교토여행 즐겁게 잘다녀왔어요 가족여행이었는데 좋은 관광지로 빠르고 안전하게 잘 다니면서 맛있는 것도 먹고 즐거웠어요 허용석가이드님 버스타고 이동할때 역사얘기도 해주시고 중간에 퀴즈도 내주셔서 공부도 되는 알찬 시간이었습니다 그리고 아이들한테도 뭐하고 싶냐고 재밌었냐고 따뜻하게 말씀해주시고 제가 문의드리는 것도 잘 알려주시고 세심하게 신경써주셔서 즐겁고 기분좋은 여행이 되었습니다 그리고 스팟마다 사진도 예쁘게 잘 찍어주셔서 마음에 드는 가족사진도 많이 생겨서 너무 감사했어요 덕분에 좋은 기억으로 두고두고 행복할 것 같아...,"호텔 부대시설이 좋아요
일정이 알차요
가이드가 배려 깊고 세심해요
식당이 청결해요
가이드가 전문적이에요"
5,정은미,가족여행으로 좋아요,40대,2024.10.03,2박3일 오사카와 교토를 부모님과 가족여행으로 선택했는데요. 정말정말 너무 좋은여행다녀와서 주변에 추천을 하고 있어요. 첫날 교토는 일본의 전통을 볼수있고 오사카는 젊음과 요즘 핫한곳을 모두 볼수있었네요~ 3일 일정이 짧지만 모두 볼수 있었어요 저희 서현주가이드님의 친절하고 자세한 설명해주셔서 여행을 한껏 더 즐겁게 해주셔서 너무 좋았답니다^^ 패키지 특성상 자유시간이 없을줄 알았는데 충분히 많있아요. 도톤보리에서 알차게 쇼핑도 하고 맛집도 갔어요. 호텔도 너무 깨끗하고 도톤보리 근처여서 더 좋았어요. 부모님께서 하나투어 너무 좋...,"객실이 깨끗해요
호텔이 관광지와 가까워요
일정이 알차요
식당이 청결해요
가이드가 전문적이에요"
5,lkj******,친구모임으로 좋아요,20대,2024.10.02,하나투어 두번째 다녀왔는데 3일내내 날씨가 첫날 둘쨋날 구름은 많았지만 비예보가 있었는데 비한방울 안오고 날씨까지 좋아서 다행이였습니다. 가이드님이 저희 인원 하나하나 신경써주시고 같은 팀원분들도 일정에 맞게 잘 따라와주셔서 좋았습니다. 다음에 또 같은 가이드님 뵈면 좋을거같아요. 안윤경 가이드님 3일내내 고생많으셨어요. 알차게 놀았습니다!,"호텔이 관광지와 가까워요
일정이 알차요
일정이 여유로워요
가이드가 전문적이에요
가이드가 배려 깊고 세심해요"
5,asa*****,가족여행으로 좋아요,60대,2024.09.28,여행. 많이 다녀보았 지만 가이드니의 열정에 잘보고 잘먹고 잘보고 왔어요 감사합니다. 다음 내년을 기다리며 지인들에게 소개 많이 하겠습니다 저가 운영하늘 카폐에도 여행후기 올리겠습니다.,"객실이 깨끗해요
일정이 알차요
현지 음식이 맛있어요
가격이 합리적이에요
가이드가 열정적이에요"
5,볼탱,가족여행으로 좋아요,40대,2024.09.27,"일본은 온천하러 거의 매년 갔었는데, 코로나 등으로 한동안 못가다가 정말 오랜만에 갔네요. 오사카와 주변지 관광은 예전에 했기에 이번엔 그냥 온천하면서 호캉스겸 해서 다녀왔어요. 여유롭게 쉬면서 휴가 보낼 수 있어서 좋았습니다~","객실이 깨끗해요
호텔이 시내에 있어요
일정이 여유로워요"
5,det****,가족여행으로 좋아요,50대,2024.09.23,"인천 출발부터 함께한, 탁찬주 가이드 선생님. 호텔 주변 맛집도 소개해 주시고, 교토에서 열정적으로 설명도 잘해주셔서, 어머니가 많은 감동을 받으셨어요. 어머니와 함께온데다 날씨가 너무 더워서 유니버셜스튜디오는 포기 했지만, 담에 혼자 꼭! 다시 방문할겁니다. 담에 도쿄도 함께 해요~!! 그리고, 첫날 묵었던 호텔도 3성이라길래 기대도 안했는데, 조식 정말 환상이었습니다. 어머니도 한국와서까지 조식을 칭찬하시네요. 일본 가정식도 맛있었구요.","호텔 부대시설이 좋아요
일정이 알차요
현지 음식이 맛있어요
가이드가 배려 깊고 세심해요"
5,ds9*******,아동동반 여행으로 좋아요,40대,2024.09.23,첫째날 공항에서부터 진희광 가이드님을 만나면서 세세하게 잘 챙겨서 일본에서도 자세한 설명과 추천음식등을 이야기 해주시면서 관광도 하고 식사도 하면서 즐거웠고 둘째날에도 관광지에 대한 설명과 예상시간 그리고 현지에서 추천음식등을 시각적 자료로 모두에게 공감이 되도록 이야기를 해주시고 마지막 셋째날 관광이 끝나고 출국에 관해서도 자세한 설명과 모르시는분들을 열정적으로 커버를 해주시는 모습이 너무나 아름다웠습니다 본인은 재미가 없다고 하시는데 재미도 있었고 가족들과 즐거운 ...,"가이드가 배려 깊고 세심해요
가이드가 전문적이에요
가격이 합리적이에요
현지 음식이 맛있어요
일정이 여유로워요"
5,즐거움을찾는여행,가족여행으로 좋아요,30대,2024.09.23,"1살 아기의 첫 해외여행! 아기에게 새로운 경험을 해주고 싶어서 이번 여름 휴가로 가장 가깝고 인기명소인 오사카를 선택해보게 되었어요! 김보성 가이드님을 만나서 다양한 문화와 유적지에 대한 재미있는 이야기도 듣고! 맛있는 음식도 먹으면서 3일동안 알차고 즐거운 오사카 여행이 된 것 같아요! 행복하고 안전한 여행이 된 것 같아, 무척 만족스러워요^^ 다음 여행에도 하나투어를 선택할게요! 감사합니다^^","호텔이 관광지와 가까워요
일정이 알차요
즐길 거리가 다양해요
현지 음식이 맛있어요
가이드가 전문적이에요"
5,asw****,가족여행으로 좋아요,50대,2024.09.21,여행내내 즐거웠어요 많이 덥고 습했지만 가이드님의 세심한 배려로 여행을 잘 마무리할 수 있었어요 일본여행이 처음이라 패키지로 갔는데 잘 선택한거 같아요 가족모두 또 가보고 싶다네요~~ 장성란 가이드님 감사해요~ 덕분에 가족여행 잘 다녀왔어요~,"객실이 깨끗해요
일정이 알차요
현지 음식이 맛있어요
가격만큼 가치 있어요
가이드가 배려 깊고 세심해요"
5,이승현,가족여행으로 좋아요,40대,2024.09.20,"추석연휴를 맞아 가족여행을 다녀왔어요. 일본은 늘 자유여행으로 다녔는데 부모님과 함께 하는 여행이라 패키지로 다녀왔네요. 옵션이 따로 붙지 않고 호텔 객실을 여유있는 곳으로 알아보느라 가격대가 있었지만 그만큼의 가치가 있었네요. 비와코에서의 온천과 료칸에서의 1박은 피로도 풀리고 편안했어요. 2박은 오사카 엑셀 호텔 도큐에서 묵었는데,,, 객실도 넓고 깨끗하고 주변도 조용했답니다. 도톤보리와도 걸어서 갈 수 있는 위치였어요. 무더운거 빼고는 날씨 자체는 화창했고 음식도 현지식 위주로 다양하게 구성이 되었습니다. 미스김(김태년 가이...","객실이 깨끗해요
호텔에서 쉬기 좋아요
현지 음식이 다양해요
가격만큼 가치 있어요
가이드가 배려 깊고 세심해요"
5,chl******,가족여행으로 좋아요,60대,2024.09.20,"정영재 가이드님, 감사합니다. 정영재 가이드님의 안내로 9.15~9.18 추석 연휴기간에 오사카, 나라, 교토, 고베여행을 안전하고 재미있게 잘 마쳤습니다. 특별히 친절하고 세심한 케어 덕분에 이번 가족여행에서 소중한 추억을 많이 남길 수 있었습니다. 원래 개인 자유여행을 선호하는지라 단체여행에 대한 이미지가 썩 좋지 않았었는데 이번에 정영재 가이드님의 전문적이고 세심한 케어로 인해 단체여행에 대한 부정적인 이미지를 걷어낼 수 있었고 하나투어라는 전문 여행사에 대한 인식을 새롭게 할 수 있었습니다. 오사카를 중심으로 한 관서지방 여...","호텔이 시내에 있어요
일정이 알차요
현지 음식이 맛있어요
가격이 합리적이에요
가이드가 전문적이에요"
5,푸름푸름,가족여행으로 좋아요,30대,2024.09.19,김동규가이드님이 세심하게 잘챙겨주시고 일정마다 카톡으로 상세하게 부가내용도 보내주셔서 여행 잘하고왔습니다 호텔도 시내에있어서 좋았고 식당도 패키지여행치고는 구성이괜찮아서 다음에 또 오고싶네요~,"호텔이 시내에 있어요
식당이 청결해요
가이드가 배려 깊고 세심해요
가이드가 전문적이에요
가이드가 열정적이에요"
5,민레지나,가족여행으로 좋아요,50대,2024.09.15,"공항에 도착하기전부터 담당 ""윤현정 가이드님""이 꼼꼼하게 정리해주셔서 감동이었어요 도톤보리에 도착하니 비가 쏟아짐 우산쓰고 명동같은거리를 걷다 라멘을 먹고 숙소도착 깨끗한시설도 좋았지만 그곳에 스파 온천이 있어서 피곤한 몸을 이틀씩이나 담그고나니 정말 꿀잠을 잤어요 일본정통돌담길 정말 좋았어요 그안에 스타벅스가 있는데 테이블이 다다미 방석에 바닥테이블이 놓여져있어요 여기가 스벅인지 그냥 지나칠정도. 신기한체험 벽에는 일본식 벽장식과 찻잔이 놓여있어요 신사이바시 옆에서 찍은사진은 정말 하늘에 올라온기분이 들정도로 좋았어요 인생사진은...","호텔이 관광지와 가까워요
일정이 알차요
식당 뷰가 좋아요
가격이 합리적이에요
가이드가 전문적이에요"
4,rhd********,가족여행으로 좋아요,30대,2024.08.29,"전망대, 유니버셜 등 2박3일 여행으로 괜찮았어요. 호텔 조식 음식 종류도 다양했고, 무엇보다도 7층? 스파가 제일 좋았던거 같아요. 여행하고 쌓인 피로가 쏴아악 풀리는 느낌이랄까요...식당, 스파, 침실 청결이 좋았습니다. 가격이 좀 비싼거 빼고~전망대, 유니버셜, 케이블카, 고베 모자이크 전반적으로 좋았습니다.","호텔 부대시설이 좋아요
호텔이 관광지와 가까워요
호텔이 시내에 있어요
객실이 깨끗해요"
5,jsl**,가족여행으로 좋아요,40대,2024.08.25,"첫 일본여행지로 오사카는 강추합니다. ^^ 대한민국의 제2도시인 부산과 같은 곳인데 한국인들이 많이 관광하는곳이라 일본어 못해도 여행하는데 불편함이 없습니다. 이번에 부모님, 아이들과 함께 한 여행인데 특히 오사카 유니버설스튜디오재팬은 아이들이 놀기에 천국과 같은 곳입니다. 여행때 USJ 외에는 기억나는 곳이 없을정도로 좋아하였고. 기회가 된다면 다시 가보고 싶은 곳이기도 합니다. 그리고, 오사카성, 고베시 명소도 틈틈히 가이드님께서 설명을 잘해주셔서 시간가는줄도 모르고 재미있게 들었고 막연하게 ...","객실이 깨끗해요
일정이 알차요
현지 음식이 맛있어요
가격이 합리적이에요
가이드가 배려 깊고 세심해요"
5,ms1***,가족여행으로 좋아요,20대,2024.08.21,오사카패키지여행 잘갔다왔어요. 가이드가좋고요. 그리고 도톤보리 청수사 오사카성 니넨자카 야사카신사 노노미야신사 갔다왔고요 일본이 한국하고다르게 차도가 반대이고 일본여행알차고 재미있었고요 나중에 1년후에도 또다시가고싶습니다.,"객실이 깨끗해요
일정이 알차요
현지 음식이 맛있어요
가격이 합리적이에요
가이드가 전문적이에요"
5,전용화,나홀로 여행으로 좋아요,20대,2024.08.20,저의 첫 해외여행은 배윤희 가이드님이 해주셨는데 친절하시고 설명도 잘해주시고 자유시간도 적절하게 주시고 식사도 좋았고 호엘도 좋았고 같이 온 일행분들도 좋았네요 배윤희 가이드님의 친절함이 저의 첫 해외여행이 만족스러웠네요 다음 여행 갈때도 배윤희 가이드님을 만나고싶네요,"일정이 알차요
객실이 깨끗해요
현지 음식이 맛있어요
가이드가 배려 깊고 세심해요
가이드가 재밌어요"
5,sun*****,가족여행으로 좋아요,30대,2024.08.18,"아버지와 함께 다녀오는 해외 여행은 처음이었는데, 인솔해 주신 강호준 가이드님 덕분에 좋은 추억을 만들었습니다. 호텔은 관광지와 가까워서 구경을 다니기에 편했고, 내부 시설도 청결했으며 직원들의 응대도 친절했습니다. 또한 호텔의 조식 메뉴도 다양하고 맛도 좋았습니다. 관광지로 이동하는 버스 안에서 일본의 문화에 대해 재미있게 설명해 주신 강호준 가이드님 덕분에 이동 시간이 전혀 지루하게 느껴지지 않았습니다. 또한 관광지에 얽힌 역사적 사실도 자세히 설명해 주셔서 배경 지식을 더 풍부하게 쌓을 수 있었습니다. 관광지에서의 안내 시간과...","호텔이 관광지와 가까워요
일정이 알차요
현지 음식이 맛있어요
가격만큼 가치 있어요
가이드가 전문적이에요"
5,gis*****,가족여행으로 좋아요,20대,2024.08.10,"친절하신 홍민성 가이드님과 여행했습니다☺️ 설명을 들으면서 둘러보니까 더 좋았어요. 여행 일정이 알차다 보니까 하루에 2만 보씩 걷지만, 버스를 타고 이동하기 때문에 중간중간에 다리를 쉬어줄 수 있어요. 밥이 좀 느끼해서 아쉬웠지만 그거 빼곤 만족합니다. 많이 더운 날씨였지만 전체적으로 즐거웠습니다! 다음에 또 하나투어 이용하고 싶어요 : )","일정이 알차요
가격이 합리적이에요
가이드가 전문적이에요
객실이 깨끗해요
가이드가 배려 깊고 세심해요"
5,fre*******,가족여행으로 좋아요,40대,2024.08.08,저희가족4명과 조카까지5명의 첫일본여행이었습니다 주변에서는 일본은 자유로 가도 된다고 했지만 아이들이 총3명이다보니 인솔이 어렵고 저희는 맞벌이에 이것저것 준비하기도 빠듯하여 패키지로 선택했고 탁월한 선택이었습니다 특히 김영숙가이드님 더운날씨에도 어찌나 열정적으로 저희를 인솔해주시고 세심히 살펴주시는지 감사했습니다 일본의 옛수도가 교토인지도 모르고 갔는데 덕분에 좋은 역사공부가 되었고 저희의 하이라이트인 유니버셜을 편하게 다녀왔습니다 유니버셜 호텔셔틀이 8시30분 출발이었는데 7시30분에 한시간 먼저 차량으로 이동해주어 유니버셜...,"객실이 깨끗해요
호텔이 관광지와 가까워요
일정이 알차요
가격만큼 가치 있어요
가이드가 열정적이에요"
4,k74*****,가족여행으로 좋아요,30대,2024.08.08,"가이드님께서 역사 전문이라며 유적지나 일본의 관습 등 알찬 정보를 이동하는 내내 조금이라도 더 알려주려고 하셨어요. 더운 날씨에 많이 걷는 일정이라 다른 분들은 별로라고 하셨는데 그 안에서 나름 조율도 하고 무엇보다 버스로 편하게 다니면서 그 안에서 적절하게 자유시간도 주시고, 호텔이 시내와 가까워서 튼튼한 다리와 구글맵만 있으면 어디든 갈수 있어 좋았습니다. 대부분의 일본 사람들은 친절해서 파파고 하나로 여기저기 다 돌아다녔어요. 덕분에 멋진 추억 남기고 와서 좋았습니다. 여행일정이 짜여져 있었지만 2안으로 여행일정표 안에 날씨...","객실이 깨끗해요
호텔이 시내에 있어요
일정이 알차요
식당이 청결해요
가격이 합리적이에요"
5,gus****,커플여행으로 좋아요,50대,2024.08.07,너무도 더운 폭염의 일본 오사카.교토였지만 일본의 역사를 너무도 귀에 쏙쏙~ 들어어게 알려주시는 김민좌가이드님 더운 날씨에 너무너무 고생 많으셨어요 전문가다운 여행가이드 포스가 너무많이 느껴졌어요 너무 즐겁고 유익한 여행이였습니다 해외여행이 처음인 저희 남편도 너무 좋아하네요 ㅎ 최고입니다,"호텔이 시내에 있어요
일정이 알차요
현지 음식이 다양해요
가격만큼 가치 있어요
가이드가 전문적이에요"
5,jsj*****,가족여행으로 좋아요,20대,2024.08.07,"인생 첫 해외여행인데 일정짜는게 힘들어서 짧고 굵은 일본 2박3일 패키지로 선택했는데 정말 최고의 여행이었습니다. 일정도 굉장히 알차고, 가이드님(김민좌 가이드님 감사해요ㅎㅎ)도 중간중간 설명을 세세하게 잘해주셔서 정말 좋았습니다. 이번엔 친구끼리 갔었는데, 다음번은 하나투어 일본 여행 패키지로 가족과함께 다시 여행할 예정입니다!","호텔에서 쉬기 좋아요
일정이 알차요
가격이 합리적이에요
가이드가 전문적이에요
식당이 청결해요"
5,you*********,가족여행으로 좋아요,30대,2024.08.02,별이 다섯개☆☆☆☆☆ 김연자 인솔자님♡♡ 가족여행 으로 추천해요! 자유시간이 많고! 지루하지 않고! 재미있게 설명 해주신 인솔자 김연자님 다시 한번 뵙고 싶을정도로 좋았어요^^♡ 간략하게 일본역사 소개를 해주셔서 귀에 쏙쏙! 들어왔습니다. 투어 하면서 맛집까지 소개해주셔서 맛있는곳에서 많이 먹을수 있었습니다. 모르는게 있으면! 친절하게 설명해주셔서 너무좋았습니다. 마지막 짐찾는곳까지 알려주시고! 마지막까지 인사 해주셔서 좋았습니다. 만약 여행을 할려고 망설이신 다면 망설이지 마시고 김연자님 인솔자분과 꼭! 투어해보세요^^♡,"객실이 깨끗해요
호텔이 관광지와 가까워요
일정이 알차요
일정이 여유로워요
가이드가 전문적이에요"
5,mon*****,가족여행으로 좋아요,50대,2024.08.02,아이들과함께한 여행인데 이부림 가이드님의 상세한 설명으로 일본을 많이 알수 있었어요 고베에서 1박을했는데 쇼핑하기도 좋고 야경이 정말 예뻤어요 많이 덥긴했지만 즐거운 여행이였어요,"호텔이 관광지와 가까워요
일정이 알차요
현지 음식이 다양해요
가격이 합리적이에요
가이드가 전문적이에요"
5,elm*******,아동동반 여행으로 좋아요,40대,2024.07.31,"아이와 단둘이 해외여행도 첨이고, 패키지도 첨이었어요. 자유여행은 첨부터 끝까지 계획을 세워야 한다는 점!이번 패키지여행을 통해서. 짜여진 일정대로 따라가는게 아이와 동반일 때는 큰 장점이라는걸 몸소 체험하고 왔어요. 유니버셜이 목표여서 제대로 즐기고 싶었지만. 너무 더운날씨에 많이 힘들었어요. 그럼에도 안전하게 여행을 즐길 수 있었던 건 같이 시간을 보냈던 팀들도 너무 좋으신 분들이었고. 무엇보다 안지은가이드님의 인솔덕분에 무탈한 여행을 마무리 할 수있었습니다. 선선한 가을날 하나투어 패키지를 통해 다시 또 도전하고싶네요.","호텔이 관광지와 가까워요
일정이 여유로워요
현지 음식이 맛있어요
가격만큼 가치 있어요
가이드가 전문적이에요"
5,han*******,아동동반 여행으로 좋아요,40대,2024.07.27,애들과 함께 유니버셜스튜디오저팬이 포함된 오사카 여행을 선택했는데 시작부터 마지막까지 너무 좋았습니다. 특히 동행하신 김해경 가이드님께서 하나하나 준비해주셔서 안전하고 편안한 여행이 되었어요^^ 날씨까지 도와줘서 화창한 날씨 속에 즐겁게 다녀왔습니다. 김해경 가이드님 다시한번 감사드려요~~❤,"호텔이 시내에 있어요
즐길 거리가 다양해요
현지 음식이 맛있어요
가격만큼 가치 있어요
가이드가 배려 깊고 세심해요"
5,ale************,가족여행으로 좋아요,20대,2024.07.25,이것이 저의군대 가기전 마지막 가족여행 이었습니다. 4일 내내 너무 좋았습니다. 안윤경 가이드님께서 너무 친절하시고 자세히 알려주셔서 감사했습니다. 우리에게 유용한 정보와 일정까지 자세하게 알려 주셔서 4일 내내 너무 좋았습니다. 다시 가고 싶네요 ㅎㅎ,"객실이 깨끗해요
일정이 여유로워요
가격만큼 가치 있어요
가이드가 배려 깊고 세심해요
식당이 청결해요"
5,슈가로로,가족여행으로 좋아요,40대,2024.07.25,앞으로 명심하겠습니다^^ 가이드님 말을 잘 듣자!! 처음부터 알려 주신 마트에 가고 또 식당을 갔으면 돈과 시간~ 입맛을 날리는 일은 없었을텐데ㅠㅠ 급후회하고 다음날 마트를 찾아갔습니다~ㅋ 추천해 주신 것 맛있었습니다^^ 열정적인 가이드님 다시 한번 감사드립니다 아들이 인생 최고의 여행이었다고 합니다♡,"호텔이 관광지와 가까워요
즐길 거리가 다양해요
가이드가 열정적이에요"
5,rmsru,가족여행으로 좋아요,40대,2024.07.24,엄마와 함께 하는 가족여행! 패키지로 알찬 일정과 자유식 시간에 즐기는 개인 취향 맛집 투어 및 시간이 좋았음! 패키지 투어의 꽃 강병규 가이드님의 여행 팁과 역사 설명도 굿!! 오랜만에 알차고 즐겁게 다녀온 여행이었음!!!,"일정이 알차요
가이드가 전문적이에요
가이드가 열정적이에요
가이드가 배려 깊고 세심해요
가이드가 재밌어요"
5,kev********,가족여행으로 좋아요,40대,2024.07.05,"정진수 가이드님, 무엇보다 이번 여행에 가이드 님이 기억이 남네요. 교토와 오사카 두 도시의 시작과 마지막을 전부 정리 하고 날씨에 지치지 않도록 세심한 배려!! 가이드 좋은분 만카 역사부터 현지의 생생한 정보 까지 배우고 갑니다. 가족 여행으로 강추 드립니다.","즐길 거리가 다양해요
가이드가 전문적이에요
가이드가 열정적이에요
가이드가 배려 깊고 세심해요
일정이 알차요"
5,rob*******,가족여행으로 좋아요,50대,2024.06.29,"오사카,교토 3일여행 음식도 맛있었고 호텔조식도 맛있었고, 목욕탕이 있어 좋았고 여행일정도 알차서 좋았습니다 장경미 가이드도 전문적으로 시간조율 너무나 잘했고,열정적이라 하나라도 알려 주려고 친절하고 배려있게 설명하여주고 더운날씨에도 불구하고 대표사진은 찍어주려 노력했고 마지막 작별인사 까지 전문적인 모습이 좋았습니다","호텔이 관광지와 가까워요
일정이 알차요
현지 음식이 맛있어요
가격이 합리적이에요
가이드가 배려 깊고 세심해요"
4,aj6***,가족여행으로 좋아요,40대,2024.06.26,코로나 이후 시부모님을 모시고 아이들과 함께 다녀온 가족여행~~ 화창한 날씨가 사진을 화려하게~ 일본의 진면목을 볼 수 있었던 여행^^ 도쿄와는 다른 오사카 교토 일본의 매력에 매료되었다~^^~,"호텔이 시내에 있어요
일정이 알차요
현지 음식이 맛있어요
가격이 합리적이에요
가이드가 열정적이에요"
4,kes***,기타,50대,2024.06.26,2박3일의 짧은시간이 아쉬워 하루정도 더있고 싶었지만.. 깔끔하고 깨끗하며 친절한 준법정신이 뛰어난 일본 국민성이 어디서든 느낄수있어 좋았다 역사적인 문제와 한일감정의 유감으로 일본이 무지 싫을때도 있었지만 배워야할 검소함과 몸에 배인 친절함은 가져와도 좋을듯했다 우리나라 죽녹원과 같은 대나무숲의 멋진정경 간식 센베과자를 먹기위해 모여들던 사슴무리들 어느곳을 가도 가족과 사랑하는 사람들을 위해 소원을 비는 도구들 아기자기한 인형ㆍ소품ㆍ오르골등 이쁜것들이 너무도 많았다 숙소에서(호텔9층) 내려다본 야간 고베역의 매력 우리역...,"호텔이 관광지와 가까워요
객실 뷰가 좋아요
일정이 알차요
식당 뷰가 좋아요
가이드가 배려 깊고 세심해요"
5,ajw***,가족여행으로 좋아요,50대,2024.06.24,원래는 여수에 다녀오려다 제주도로 방향을 바꾼 후 대명 여행패키지를 검색하다 하나투어 오사카 여행 패키지를 보고 일본여행으로 결정했습니다. 처음 가보는 해외여행에 여권도 만들고 쇼핑목록도 검색해보고 일본에 도착할때 까지의 두근두근했던 느낌은...^^ 간사이공항에 도착해서 첫 집결지인 북쪽시계탑을 못찾아 늦게 도착했지만(첫날부터 민폐를...;;) 같이 여행하시는 여러분들과 최수정 가이드님께서 이해해주셔서 감사했습니다. 그리고 하늘이 도우셨는지 비는 조금 맞긴 했지만 다니는 내내 거의 비가 저희들을 피해가는 느낌을 받았어요. 금...,"객실이 깨끗해요
현지 음식이 다양해요
가이드가 전문적이에요
가이드가 배려 깊고 세심해요
가이드가 재밌어요"
5,fut*****,가족여행으로 좋아요,40대,2024.06.23,"갑작스럽게 가족 여행을 결정하고 자유, 패키지 고민 중에 딱 맞는 일정이 마침 하나투어에 있어서 바로 결정하고 다녀왔어요. 떠나기 직전 항공사 지연 문제가 크게 터져서 걱정이 됐었는데 다행히 잘 다녀올 수 있었습니다. 일정이 생각보다 여유로웠던 것 같아 좋았어요~호텔도 지하철 역과 그리 멀지 않은 곳에 있었고 5분 거리에 다이소 등 여러 상점가들이 즐비해 있어서 일정이 끝난 뒤에도 아이들과 소소하게 쇼핑하기 아주 좋았어요~ 그리고 이지수 가이드께서 일정 내내 세심하게 챙겨주시고 또 일본 지도로 짚어 주시면서 일본의 역사, 문화...","호텔에서 쉬기 좋아요
일정이 알차요
일정이 여유로워요
현지 음식이 맛있어요
가이드가 전문적이에요"
5,hui*******,가족여행으로 좋아요,20대,2024.06.22,국외에 살다 군 입대 전 추억을 만들기 위해 선택한 일본여행이었어요. 몇 달 전 남미 자유여행을 하며 고생한 기억에 요즘 MZ(?) 스럽지 않게 패키지로 편하게 다녀왔습니다ㅎ 일본을 누가 패키지로 가냐며 주변 사람들이 모두 의아하게 봤지만 계획 세우는게 일인 저에겐 오히려 좋은 선택이었다고 생각합니다. 일정 내내 박효근 가이드님 덕분에 재밌고 편하게 이동해서 좋았어요. 또 가이드님의 재치있는 농담과 개그로 초면인 일행들이 빨리 친해진것 같아요! 군대 간다고 안 쓰럽다고 더 챙겨 주신 것 같았어요ㅋㅋ 가이드님이 세심하셔서 일정 내...,"호텔이 시내에 있어요
일정이 알차요
현지 음식이 다양해요
가이드가 열정적이에요
가이드가 재밌어요"
5,mjms,친구모임으로 좋아요,40대,2024.06.15,"에너지 넘치는 김정우 가이드님 덕분에 넘 즐거운 여행이었습니다 적지 않은 인원이라 인솔이 어려우셨을 텐데도 세심하고 배려심도 많으시고 전문적인 설명도 최고입니다 특히나 사진 완전 이쁘게 잘 찍어주셔서 행복한 추억이 더 많이 생겼네요 호텔 조식만 빼고는 전반적으로 숙소, 음식, 현지 기사님 모두 만족스러운 여행이었습니다","현지 음식이 맛있어요
가이드가 열정적이에요
가이드가 전문적이에요"
5,ser***,친구모임으로 좋아요,40대,2024.06.12,김정우 가이드님 열정적으로 이동중에 한시간반 토킹해주셨어요. 와우 ㅋ한국도착해서도 마지막까지 손님들책임감있게 챙겨주시는모습 인상적이었습니다.패키지라 싸지않지만 식사.호텔.가이드님의 사진찍어주심 까지 다 만족. 담 친구모임에도 패키지로 가려고합니다.,"호텔이 시내에 있어요
일정이 알차요
식당이 청결해요
가격만큼 가치 있어요
가이드가 열정적이에요"
5,pet*********,기타,60대,2024.06.08,"""사기충전"" 을 위해 회사 동료들과 함께 패키지 여행을 다녀왔습니다. 여행 며칠 전부터 준비물, 일정, 날씨예보는 물론 문의사항을 매일매일 과할 정도로 챙겨주셔서 각자가 뭘 챙겨야 할지 일일이 검색할 필요도 없어 시간과 수고를 덜었습니다. 이번 여행에서 ""안전제일""을 우선으로 챙겨주시는 김**가이드님 덕분에 동료들 모두 무탈하게 잘 다녀온 것 만으로도 대 만족입니다. 다시 한번 감사드리며 수고 많으셨습니다.","호텔이 시내에 있어요
일정이 여유로워요
현지 음식이 맛있어요
가격이 합리적이에요
가이드가 열정적이에요"
4,jaj*****,가족여행으로 좋아요,40대,2024.06.05,가족여행하기 딱 좋은 패키지였어요(초1 동반 지칠만도 한데 잘 다녔어요)~ 첫날 비가 왔지만 이동시간에 딱 맞게 비가 그쳐주고 꽉 찬 일정 힘들긴 했지만 시간 낭비 없던 여행~3일 내내 열정적으로 일본 문화에 대해 알려주고 마지막 공항 도착 전까지 마이크를 내려 놓지 않은 정열의 임지은 가이드님 정말 최고였어요~ 히노데호텔은 그야말로 good!!! 온천 물이 너무 좋아서 아침 저녁으로 이용하면서 피로를 풀었어요~다양한 술 종류가 무제한 오후 9시에 제공되는 라멘도 👍👍👍 맛이 괜찮았어요. 다음에 자유여행 할 때 꼭 이 호...,"호텔 부대시설이 좋아요
호텔이 시내에 있어요
일정이 알차요
현지 음식이 맛있어요
가이드가 열정적이에요"
5,mad******,나홀로 여행으로 좋아요,40대,2024.05.28,가이드님이 츤데레. 혼자 갔지만 은근 잘 챙겨주세요. 감동 그잡채^^ 다음에 또 뵙길. 타사와 비교했는데 하나투어가 일정이 타사보다 좋아요. 하나투어 자주 이용할것 같아요. 좋은 패키지 많이 만들어주세요,"객실이 깨끗해요
호텔이 시내에 있어요
일정이 알차요
현지 음식이 맛있어요
가이드가 전문적이에요"
5,sea********,가족여행으로 좋아요,50대,2024.05.25,"일본여행은 처음이었는데 멋진 나라네요. 오사카,교토, 고베 2박3일 알찬 일정이라 만족했습니다. 임윤희B 가이드님의 자상하고 세심한 배려에 감사드립니다. 행복한 시간 보내고 일상으로 복귀했습니다. 고맙습니다. 역시 하나투어 최곱니다.~~","일정이 알차요
가격이 합리적이에요
가이드가 배려 깊고 세심해요
호텔이 시내에 있어요
객실이 깨끗해요"
5,eun****,가족여행으로 좋아요,20대,2024.05.24,"2박 3일 여행이 너무 알차고 좋았어요! 특히 5월 21일~5월 23일 여행 담당해주신 윤성혁 가이드분께서 친절하시고 일본 역사와 관광지, 음식, 문화 등등 설명을 너무 알차게 해주셔서 제대로 여행을 할 수 있었습니다! 가이드분 너무 추천드리고 윤성혁 가이드분과 또 다른 일본 여행 하고 싶어요~~","호텔이 시내에 있어요
일정이 알차요
가이드가 전문적이에요
가이드가 열정적이에요
가이드가 배려 깊고 세심해요"
5,cjs***,가족여행으로 좋아요,40대,2024.05.18,저렴한 가격에 너무 알찬 여행이였습니다. 여행출발 전날 전화로 궁금사항이나 필요사항이 있는지 물어봐주시는 꼼꼼한 가이드님은 여지껏 많은 패키지 여행을 다녀봤지만 처음이였던것 같습니다. 공항에서부터 티켓팅도 직접해주시고 웃는얼굴로 맞이해주셔서 인상깊었습니다. 일본에 도착해 첫일정인 오사카에 도착해 석식은 자유식이라 고민이 많았는데 미리 맛집리스트까지 준비해주시는 센스...그덕에 큰 고민없이 맛있는음식을 골라먹을수있었네요. 짧은 일정에 조금은 빡빡한 스케줄이였지만 그래도 그덕에 여러곳을 둘러볼수있어서 넘 좋았구 숙소도 규모는 작았지만...,"객실이 깨끗해요
일정이 알차요
식당이 청결해요
가격이 합리적이에요
가이드가 배려 깊고 세심해요"
4,chy***,가족여행으로 좋아요,60대,2024.05.16,"전체적인 스케쥴이 빠듯하기는 했으나 즐거운 여행이었습니다. 특히 교토 오하라에 있는 절들이 조용하고 아름다웠으며, 가을에도 한번 더 가보고 싶을 정도로 인상이 깊었습니다. 고베에 가기 보다는 교토에서 더 많은 시간을 보냈으면 더 좋았을 것 같습니다.","객실이 깨끗해요
일정이 알차요
현지 음식이 다양해요
가격이 합리적이에요
가이드가 전문적이에요"
5,leo******,가족여행으로 좋아요,20대,2024.05.15,"저희 가족의 첫 해외여행입니다. 처음이라 막막해서 패키지 투어를 검색했었는데, 알찬 여행일정을 보고 하나투어를 선택했습니다! 실제로 여행을 다녀오니 굉장히 행복했어요. 심규열 가이드님 덕분입니다. 여행 일정이 촉박했는데도 불구하고, 시간내 다 소화해주셨고 여행내내 역사, 생활상식, 문화 등등 말씀을 쉬지않고 해주셔서(정말 그 열정에 감동했습니다) 한 권의 책을 읽고 온 느낌입니다. 덕분에 저희 아버지는 여행에 원래 관심이 없으셨었는데, 다녀오시고 계속 사진 보시고(사진도 정말 이쁘게 찍어주셨었어요:D) 또 유튜브로 일어 공부도 하시...","호텔에서 쉬기 좋아요
호텔이 관광지와 가까워요
일정이 알차요
가이드가 전문적이에요
가이드가 열정적이에요"
5,kuk*****,가족여행으로 좋아요,40대,2024.05.14,가족모두 떠나는 첫 패키지여행 이였는데 박선희가이드님을 만나 어려움없이 무사히 잘 다녀왔네요~ 그냥 아무생각없이 떠난여행이였는데 박선희가이드님 덕분에 일본이란 나라에 대해 많은정보 이야기듣고 왔네요~ 어찌나 세심하게 챙겨주시고 이야기도 열심히 잘해주시던지 박상최고~!ㅎㅎ^^,"호텔이 시내에 있어요
일정이 알차요
가격이 합리적이에요
가이드가 전문적이에요
가이드가 배려 깊고 세심해요"
5,천미경,가족여행으로 좋아요,60대,2024.04.23,"정해선 가이드님에게 감사드립니다. 고베 , 교토, 나라 에 대해서도 많은 설명을 해 주셨지만,여행하는 동안 지루하지 않게 재미있는 여러 가지 이야기를 해 주어서 좋았습니다. 특히 지명을 일본어와 한자로 풀이해 줘서 이해하기가 훨씬 좋았습니다. 고베의 아름다운 항구도 좋았고, 청수사와 도월교도 잔잔하니 아름다운 경치였습니다. 기타노이진칸 가는 길의 상점도 깨끗하고 좋았습니다 . 청수사 교토 가는 날은 비가 와서 다니기는 불편했지만, 오히려 비가 와서 분위는 좋았습니다. 마지막 나라 여행은 사방에 사슴이 있어서 먹이 주느라고 ...","객실이 깨끗해요
일정이 알차요
현지 음식이 맛있어요
가이드가 열정적이에요
가이드가 전문적이에요"
5,harila,가족여행으로 좋아요,60대,2024.04.21,낯선사람들과 어울려서가는 패키지여행은 처음인데도 기대이상으로 대만족입니다 가이드님의 해박한지식과 일본역사를 통달하신 재미있는 설명과 3박4일동안 다정다감하게 일정을소화시켜주신 가이드님 감사합니다 복많이받으세요 열정적으로 고객분 사진촬영 아이스크림 잘먹었습니다,"호텔이 시내에 있어요
일정이 알차요
현지 음식이 다양해요
가격만큼 가치 있어요
가이드가 열정적이에요"
5,kim***,가족여행으로 좋아요,50대,2024.04.20,"2박3일동안 알차고, 즐거운 여행을 하게되어 좋았습니다. 김주옥 가이드님이 세심하게 하나하나 잘 챙겨주시고, 전문적인 가이드로서의 열정이 넘쳐서 보다 즐거운 여행을 한것 같습니다.일본 여행을 또 가게 된다면 김주옥 가이드님과 함께하고 싶습니다. 늘 건강하시고, 행복한 여행되시고, 안전한 가이드 해주세요. 감사드립니다.. 김기석 드림","호텔에서 쉬기 좋아요
일정이 알차요
현지 음식이 다양해요
가격만큼 가치 있어요
가이드가 배려 깊고 세심해요"
5,wlt******,가족여행으로 좋아요,30대,2024.04.20,엄마랑 같이 다녀왔는데 가이드님께서 너무 재밌고 틈틈히 일본 문화와 역사를 간략하고 요점을 잘 정리한 설명과 안내로 여행내내 지루하지 않고 즐겁고 편안하게 또 안전하게 좋은 추억을 만든 시간이여서 참 감사했습니다:D,"일정이 알차요
호텔이 시내에 있어요
현지 음식이 맛있어요
가이드가 전문적이에요
가이드가 배려 깊고 세심해요"
4,2me*****,커플여행으로 좋아요,50대,2024.04.15,"일정에 오사카성이 없어서 아쉬웠어요. 같이 다닌 분들도 아쉬웠다고 얘기하더군요. 다음번에 가게 된다면, 오사카성 방문이 일정에 있는 상품으로 다시 가고 싶네요. 혼자서라도 가고 싶으니 혹시라도 TO가 있는 상품 있으면 연락 바랍니다. 가까운 시일내에 연락이 왔으면 좋겠네요. 아참~! 가이드분께서 적극추천 해주신 초밥집 ! 소비알 난바 다이코쿠초 부근에 있는 초밥집. 대박 이었습니다. 다시 가고 싶네요~","호텔이 시내에 있어요
일정이 알차요
식당이 청결해요
가격이 합리적이에요
가이드가 배려 깊고 세심해요"
5,4uk1,가족여행으로 좋아요,60대,2024.04.02,벚꽃을 기대하고 떠났던 이번 여행은 차가운 날씨탓에 오히려 눈꽃을 보고온 색다른 여행이었다. 롯코산 로프웨이를 타고 산위로 오르면서 쏟아지는 눈속에 붉은 동백과 나무에 덮힌 하얀 눈이 그렇게도 좋을 수가 없다. 그러니 여행은 가봐야 아는 법 어떻든 즐거윘던 여행 열심으로 안내하던 가이드께 감사드린다.,"호텔이 시내에 있어요
일정이 여유로워요
현지 음식이 맛있어요
가격이 합리적이에요
가이드가 열정적이에요"
5,파도소리,가족여행으로 좋아요,50대,2024.04.02,"2개월전부터 고민하고 예약한 하나투어패키지^~ 역시 탁월한 선택이었습니다~ 날씨 굿, 벚꽃 구경도 굿, 김문정가이드님덕분에 여러가지 정보와 지식도 굿^~ 너무 좋은 추억이 되었습니다~ 이제 일상으로 돌아왔지만 다시 또다른 여행을 꿈 꿔봅니다~~하나투어와 ㅋㅋㅋ","객실이 깨끗해요
일정이 알차요
가이드가 전문적이에요
현지 음식이 다양해요
가격이 합리적이에요"
4,쟈스민,가족여행으로 좋아요,50대,2024.04.02,벚꽃여행이었는데 개화시기가 늦어져서 못보고 갈까 걱정했는데 오사카성입구 벚꽃은 이제 몽우리가 피러하고 있었지만 교토와 나라 벚꽃이 많이 만개한 상태이고 동대사 벚꽃이 만개해서 한번에 보상받는 느낌이었어요~ 김문정가이드의 풍부한 지식 전달로 일본에 대해서도 많이 알고 돌아왔네요^^ 즐거운 여행이었습니다.. 하나투어 믿고 즐기는 해외여행.. 또 준비해서 즐거운 여행 가렵니다 다음에도 부탁드려요^^,"객실이 깨끗해요
일정이 알차요
식당이 청결해요
가격이 합리적이에요
가이드가 전문적이에요"
5,하나투어 회원,가족여행으로 좋아요,50대,2024.03.31,세상에서 가장사랑하는 우리 세공주님 미혼이라. 아직은 엄마가 최고라는 딸들 모야모야. 투병중인 우리 막둥이 교수님께 조심또조심 하겠다고 허락받고 대학졸업하고 여권만들면 외국가자고 하던해 수술대위에 있었던 막둥이ᆢ 막둥이는 제주도 수학여행간것이 첫비행이였고 외국은 처음인데도 여행내내 가슴졸이는 엄마맘을 읽은듯이 해맑게 내내 미소지어주고 안심시켜주고 30 날 생일인 엄마에게 더없는 미소로 좋은추억 만들어준 핑크색좋아하는 둘째 얼마전 암진단받고도 힘든 내색없이 동생들챙기던 큰아이 너무 사랑합니다 윤현정 가이드님의 열정과 미소...,"호텔이 시내에 있어요
일정이 알차요
식당이 청결해요
가격이 합리적이에요
가이드가 열정적이에요"
5,you*****,가족여행으로 좋아요,20대,2024.03.29,"김주옥 가이드님도 함께 한 일행분들도 다들 너무 좋은 분들이셔서 즐겁게 여행하고 왔어요!!! 패키지에서 싸우고 민폐 끼치고 기분 상하는 경우도 흔한데 이번엔 운 좋게도 친절하고 배려심 깊은 분들만 모여계셨네요ㅎㅎ 호텔도 깔끔하고 필요한 것들이 잘 갖춰져있어 또 오고 싶을 정도로 만족스러웠고, 일정도 거의 제가 원하던 구성이었던데다 자유시간도 제법 있어서 취향껏 돌아다닐 수 있어 좋았구요! 날씨와 벚꽃 개화 시기가 잘 안 따라줬음에도 불구하고 덕분에 좋은 추억 쌓고 가요 감사합니다😆","객실이 깨끗해요
일정이 알차요
즐길 거리가 다양해요
현지 음식이 맛있어요
가이드가 전문적이에요"
5,pcw*******,커플여행으로 좋아요,60대,2024.03.25,최진성 가이드님! 덕분에 즐겁고 행복했던 일본 첫 여행이었습니다. 최선을 다하여 고객을 대하는 태도와 박학다식한 지식에 직업적으로도 최고가 되려고 열심이 노력하는 열정이 정말 좋아보였습니다.^^ 지금처럼만 초심을 잃지않고 순수한 열정으로 지속한다면 이나라의 최고의 가이드 될거라 확신합니다. 본인도 피곤할텐데 귀국하여 짐찾고 마지막 한사람까지 배웅해주는 모습은 그동안의 여행중 가장 큰 감동으로 다가왔습니다. 일정이 조금은 빠듯하여 피곤한 감은 있지만 생각보다 훨~씬 즐거웠던 여행이었습니다. 정말 짧지만 긴여행을 하고 온 느낌입니다....,"호텔이 시내에 있어요
가이드가 전문적이에요
가이드가 열정적이에요
가이드가 재밌어요"
5,jyj****,친구모임으로 좋아요,50대,2024.03.25,"40년지기 친구와 함께 한 오사카, 나라, 교토, 고베 여행~~2박 3일의 짧은 여행이었지만 여행 일정이 시간시간, 걸음걸음 허투루 쓰임없이 쫀쫀하고 탄탄한 일정이었습니다. 그리고 김용기 가이드님께서 곱고 낭랑한 목소리로 안내해주시는 한마디,한마디가 여행을 더욱 맛있게 해주었습니다. 하나투어의 꽉차고 알찬 여행 일정과 김용기 가이드님의 친절한 설명과 모든 여행객들에 대한 세심한 관심과 배려에 감사드립니다. 즐겁고 행복하게 잘 다녀온 일본 여행이었습니다. 다음 선택도 하나투어 입니다~~~","호텔이 시내에 있어요
일정이 알차요
가격이 합리적이에요
가이드가 배려 깊고 세심해요
가이드가 전문적이에요"
5,조약돌,가족여행으로 좋아요,60대,2024.03.23,고베가는길 강풍불어 걱정했는데요 운전잘해주셔셔 감사합니다 교툐 언덕길과 대나무숲길 가는거리는 진짜 사람 많았읍니다 가이드조현주 선생님 일타강사이십니다 일행분들도 조용조용 이야기하시구요,"호텔이 시내에 있어요
일정이 알차요
현지 음식이 맛있어요
가격이 합리적이에요
가이드가 배려 깊고 세심해요"
5,밍위,아동동반 여행으로 좋아요,40대,2024.03.14,"안녕하세요~ 딸아이 졸업을 맞아~ 둘이 처음으로 같이 여행을 떠나게 되었어요. 첫째날~ 사슴의도시 나라에서 사슴 구경 엄청했네요. 처음에는 신기했는데 계속 보다보니 지나다니는 관광객반, 사슴반으로 거리가 꽉차있었어요. 한국에서는 볼수없는 신선한 경험이었습니다 특히 저희와 함께 해수신 박성숙 가이드님~ 차량안에서의~ 전문적인 지식 전달 완전 유익한 시간이었고, 현지상황에 맞춘 일정 조정으로 첫째날 오후늦게 오사카성을 방문했는데~ 밤에보는 오사카성~ 너무 멋졌어요 인생사진 여러 컷 남겼습니다 특히 박성숙 가이드님의 배려로 매...","호텔이 관광지와 가까워요
일정이 알차요
현지 음식이 다양해요
가격이 합리적이에요
가이드가 전문적이에요"
5,caf**********,가족여행으로 좋아요,10대,2024.03.11,엄청 알차게 여행을 보냈고 처음엔 패키지 여행이라서 그렇게 자유롭지 못할거 같았는데 개인이 자유롭게 여행 할 수 있는 시간이 많았고 오히려 자유여행보다 더 많은 곳들을 갈 수 있어서 좋은거 같아요 그리고 가족들하고 같이 가기도 좋았어요,"호텔이 관광지와 가까워요
호텔이 시내에 있어요
일정이 알차요
현지 음식이 맛있어요
식당이 청결해요"
5,caf******,가족여행으로 좋아요,40대,2024.03.10,"볼거리,먹을거리,숙소 ,가이드,차량 모두 만족 했습니다 여유롭게 구경하며 길거리 음식도 먹어보고 쇼핑도 하고 사진도 많이 찍을수 있었고 적당히 걷고 쉬고 해서 힘든 여행은 아니고 가족들과 즐겁게 다녀 왔습니다","객실이 깨끗해요
일정이 알차요
현지 음식이 맛있어요
가격이 합리적이에요
가이드가 전문적이에요"
4,냐옹,가족여행으로 좋아요,40대,2024.03.09,교토에서의 역사적 설명이 아쉬웠어요 백제인이 교토에 목조건축 기술을 전해주면서 세워진 건축물에 대한 설명이 있었음 더 좋았을거에요 수로각 가는 대신 닌넨자카에서 시간을 더 보내는것이 좋겠어요 마지막날이 아쉬웠어요 오사카성에 천수각포함과 귀무덤에 대한 설명이 자세했으면하는 아쉬움이 남아요 면세점 쇼핑1회는 나쁘지 않았어요 식사는 전반적으로 괜찮아요 호텔조식도요 하지만 방이 너무 좁아요 가이드님이 친절하시고 유쾌해요,"호텔이 관광지와 가까워요
호텔이 시내에 있어요
객실이 깨끗해요
현지 음식이 맛있어요
가이드가 재밌어요"
5,jun*******,가족여행으로 좋아요,40대,2024.03.05,"개학전에 아이들이랑 여행가려고 알아보다 일본 여행 상품으로 오사카 2박3일 다녀왔는데..완전 알차고 좋았아요~~ 아이들이 제일 신나 하고 또 일본 여행 간다고 하네요 .., 아침 조식도 맛있고 여항 상풍에있는 식사도 너무 맛있어 아이들이 너무 잘 먹었네요~~ 차량도 항상 깔끔하고 운전 기사님도 친절 하시고 가이드 님도 아주 열정적으로 가이드 해주심요~~ 아이들이랑 소중한 일본 추억을 많이 만들고 왔네요~~","객실이 깨끗해요
일정이 알차요
식당이 청결해요
가격이 합리적이에요
가이드가 전문적이에요"
5,sal********,가족여행으로 좋아요,60대,2024.03.03,"이선규 가이드상~~ 간사이 도착하자마자 잀어버린 물건 때문에 자신의 일처럼 발로 뛰며 신경써 주신점 너무너무 감사하고 잊지 못할꺼 같아요♡ 역사, 지리등 다방면의 설명 또한 굳이예요~~ 다음에 또 만나요~~^^","일정이 알차요
가격이 합리적이에요
가이드가 배려 깊고 세심해요
가이드가 전문적이에요"
4,kim******,가족여행으로 좋아요,50대,2024.03.03,"교토1박, 오사카 2박 총3박 4일 일정, 1일 자유여행 일정 있는 상품이네요. 김연희 가이드님 잘 가이드해주셨고요. 이모저모 잘 설명해주셔서 만족해요. 개인적인 생각으론 비용 더 지불하더라도 호텔은 좀더 업그레이드 되었으면 하네요.","객실이 깨끗해요
일정이 여유로워요
현지 음식이 다양해요
가이드가 전문적이에요"
5,byu****,가족여행으로 좋아요,40대,2024.03.02,"가족과 함께 하기에 좋았습니다. 초딩 저학년부터 70대까지 함께한 여행이었습니다. 가이드분도 능숙하게 리드하였고요. 호텔이 관광지와 가까워서 저녁시간이면 쇼핑도 쉽게,할 수 있었고 맛집에 가기도 편리했습니다. 과거에 아이를 데리고 자유여행한적이 있었는데 그때보다도 일정도 알차고 비용도 저렴하게 다녀왔네요. 아직 여행이 여운이 남아서인지 아이들은 일본에 다시 가자고 이야기합니다. 호텔 조식도 깔끔하니 먹기 좋습니다. 메뉴가 매일 조금씩 바꾸면 더욱 좋았을텐데 동일한 음식이 나오는 것은 조금 아쉬웠습니다. 그래도 아침이면 식사는 맛있...","일정이 여유로워요
일정이 알차요
호텔이 시내에 있어요
호텔이 관광지와 가까워요
가이드가 전문적이에요"
5,bel*****,가족여행으로 좋아요,40대,2024.03.02,"김창호 가이드님께 진심으로 감사드려요. 자유일정과 여행사 가이드 일정이 같이 였는데, 자유일정에도 가이드님과 연락할 수 있다는 것 자체가 든든했습니다. 매 식사, 호텔 모두 대접받는 느낌이었습니다. 교토 나라 함께있는 일정이라 더 좋았습니다. 다음에 또 가이드님과 여행하고 싶습니다.","호텔이 관광지와 가까워요
호텔이 시내에 있어요
일정이 알차요
현지 음식이 맛있어요
가이드가 배려 깊고 세심해요"
5,min*****,나홀로 여행으로 좋아요,30대,2024.02.29,박연숙 가이드 선생님 덕분에 오사카 여행이 더욱 빛이 났답니다. 다시 꼭 만나고 싶은 가이드님! 따뜻하고 세심함이 가득하셔서 오사카가 더욱더 아주 많이 기억 날 것 같아요~^^ 한분 한분 다 챙겨주시고 아이들 이름까지 다 기억해주시고~^^ 하나투어에 가이드 칭송장 이벤트가 있다면 꼭 칭송장 드리고 싶을 만큼♥️ 오사카 보다 더 기억에 남을것 같은 따뜻한 박연숙 가이드 선생님! 정말 감사드립니다♥️ (24년 2월 24~26 인천출발 ㅡ 오사카),"호텔이 관광지와 가까워요
호텔이 시내에 있어요
일정이 알차요
가이드가 전문적이에요
가이드가 배려 깊고 세심해요"
5,에델링,아동동반 여행으로 좋아요,40대,2024.02.25,주윤자가이드님 덕분에 편안하고 재미있는 여행이였습니다...날씨가 오락가락하며 비가 많이 왔음에도 불구하고 너무 알차게 잘 다녀왔습니다 가이드님 덕분에 불편함없이 일정을 소화했어요!! 다시한번 감사합니다,"즐길 거리가 다양해요
가격만큼 가치 있어요
가이드가 배려 깊고 세심해요"
4,jeo**,가족여행으로 좋아요,40대,2024.02.22,자유여행과 패키지의 장점을 갖춘 일정이었습니다. 숙소가 도톤보리근처여서 여러모로 편리했답니다. 조식도 나름 괜찮았어요. 벌써 매화꽃도 피고 유니버셜도 교토도 알차게 잘 다녀왔어요. 즐거운 여행이었습니다.^^.,"호텔이 관광지와 가까워요
일정이 여유로워요
현지 음식이 다양해요
가격이 합리적이에요
가이드가 전문적이에요"
4,iic****,가족여행으로 좋아요,60대,2024.02.15,"2박3일 오사카 여행 일정, 날씨가 좋았고 가이드님도 매우 친절하고 일본에 대해 전문적이라는 생각이 들었어요. 틈나는대로 여행지에 대한 설명을 많이 해 주셨어요. 식사도 좋았고 너무 바쁘게 다니지 않아 편했어요. 오사카, 추천해요. 다만 호텔방이 조금만 컸더라면 하는 아쉬움이 있어요.","호텔이 시내에 있어요
일정이 여유로워요
현지 음식이 맛있어요
가격이 합리적이에요
가이드가 전문적이에요"
5,anz**,가족여행으로 좋아요,40대,2024.02.06,"일정은 좀 빠듯했어요. 가이드님이 아주 세심하게 배려해주셨고(일일이 적긴 사소하지만,,, 우연히 현지에서 마주친 다른 단체패키지 일행들의 이야기들이 들려와 비교가 되더라고요..우리가 좋은 가이드를 만났구나 생각이 들더라고요) 위가 비명을 지를 정도로 식사가 좋았습니다. 패키지라 식사는 기대하지 않았는데,,, 완전 반전이었달까. 며칠간 고생해주신 황샹 가이드님께 감사드립니다","객실이 깨끗해요
호텔에서 쉬기 좋아요
현지 음식이 맛있어요
가이드가 배려 깊고 세심해요
현지 음식이 다양해요"
5,kim********,가족여행으로 좋아요,40대,2025.02.02,정영재 가이드님 덕분에 마음 편하게 잘 다녀왔습니다~ 다음 여행도 허나투어로 결정했어요~♡,"호텔이 관광지와 가까워요
일정이 알차요
식당이 청결해요
가격만큼 가치 있어요
가이드가 배려 깊고 세심해요"
5,mj8*****,가족여행으로 좋아요,30대,2025.01.31,"정영재 가이드님과 함께한 오사카, 나라, 고베여행! 가족 여행이라 패키지로 일본 여행을 다녀왔는데, 출발 전 부터 세심하게 챙겨주셔서 걱정 없이 다닐 수 있었습니다! 자세한 설명과 함께 보니, 전에는 몰랐던 것들도 많이 알 수 있어서 좋았습니다. 저희 부모님도 너무 즐거워 하셨어요! 프로그램이 아주 알차고, 힘든 듯, 안힘든 듯, 즐거운 여행이었습니다:) 정영재 가이드님, 감사합니다~! 오사카 패키지 강추드려욤!!","호텔이 시내에 있어요
일정이 알차요
식당이 청결해요
가격이 합리적이에요
가이드가 배려 깊고 세심해요"
1,kak*****,가족여행으로 좋아요,40대,2025.01.28,"2~3일차 garner호텔조식은 최악 이었으며, 호텔방은 너무 좁아 캐리어를 놓을수가 없었습니다. 여관방보다 좁음","호텔이 관광지와 가까워요
일정이 여유로워요
식당이 청결해요
가격이 합리적이에요
가이드가 전문적이에요"
5,sun*******,가족여행으로 좋아요,40대,2025.01.27,첫 일본여행으로 혼자 알아보기 어려워 선택한 패키지여행! 구석구석 알찬 일정에 열정적인 가이드님 덕분에 즐거운 3박4일이었습니다! 다음에도 다시 오고싶어요!,"객실이 깨끗해요
일정이 알차요
현지 음식이 다양해요
가이드가 전문적이에요
가이드가 열정적이에요"
5,jun**********,가족여행으로 좋아요,40대,2025.01.25,조카와 둘이서 간 오사카여행.. 자유여행시간에 쇼핑 잘했고 여행사 투어 일정도 제 성향에 맞는 여유로운 이동이 너무 좋았습니다. 적극 추천합니다.,"호텔이 관광지와 가까워요
일정이 여유로워요
가격이 합리적이에요
가이드가 전문적이에요
식당이 청결해요"
4,쑤기,가족여행으로 좋아요,40대,2025.01.24,가족들과 같이 가기에 좋은것 같습니다 자유일정이 하루 포함되어 있어서 여유도 있고 좋았습니다 관광지도 좋았구요 가이드님도 세심하게 잘 챙겨 주셔서 좋았습니다^^,"호텔이 시내에 있어요
일정이 여유로워요
현지 음식이 맛있어요
가격이 합리적이에요
가이드가 배려 깊고 세심해요"
5,hs14789,가족여행으로 좋아요,40대,2025.01.21,시어머님 칠순생신 기념으로 가족 여행갔어요~ 시내쪽 근처 숙소여서 일정 끝난후에도 도톤보리를 잘 즐길수 있어서 좋았어요~ 가이드님께 이동하는 동안 쉬지 않고 자세하게 설명해 주셔서 귀에 쏙쏙~들어오더라구요~ 인원이 많아서 식당 예약이 힘들었는데..친절하게 안내 해주시고 케잌 구매까지 도와주셔서 감사합니다~ 2박 3일동안 고생 많이 하셨어요,"호텔이 시내에 있어요
가이드가 전문적이에요
일정이 알차요"
5,lil*****,가족여행으로 좋아요,40대,2025.01.21,김미현가이드님 최고입니다. 감사합니다. 가이드님 덕분에 즐거운 가족여행이 되었어요. 비행이기 타며 얼마나 걱정을 했던지 손에 땀이 나더라구요. 걱정도 잠시 기장님도 너무 잘 만나 착지 또한 베스트! 일정이 너무 너무 알차서 시간도 어찌나 빨리 가던지… 자유여행이었으면 아마 숙소에서 100m도 안나가고 먹다만 왔을꺼예요. 가족과함께 오랜 시간동안 산책하고 한공간에 있는게 너무나 즐겁고 행복한 여행이었습니다. 가이드님이 너무 잘 챙겨주셔서 걱정없이 편안한 여행으로 집에 잘 도착했네요. 좋은기억으로 또 가고 싶어서 큰일 입니다.,"호텔에서 쉬기 좋아요
일정이 알차요
가이드가 배려 깊고 세심해요
가이드가 열정적이에요"
4,man******,가족여행으로 좋아요,50대,2025.01.20,"시끄럽지 않고, 너무 과하지 않게 역사이야기를 조용조용하게 설명하시는 모습의 가이드님과 함께한 이번 여행 재미있게 보내고 왔습니다.","호텔이 관광지와 가까워요
일정이 알차요
가격이 합리적이에요
호텔이 시내에 있어요"
4,k99*****,가족여행으로 좋아요,40대,2025.01.20,모두 만족합니다. 단 중간에 자유시간이 조금씩 더 있었음 좋겠습니다.,"호텔이 시내에 있어요
호텔이 관광지와 가까워요
일정이 알차요
가이드가 전문적이에요
가이드가 배려 깊고 세심해요"
5,mon***********,가족여행으로 좋아요,40대,2025.01.20,가이드 분도 매우 친절하시고 만족스러운 여행이었습니다♡,"객실이 깨끗해요
일정이 알차요
현지 음식이 맛있어요
가격이 합리적이에요
가이드가 배려 깊고 세심해요"
5,aie******,가족여행으로 좋아요,60대,2025.01.19,"일본여행(고베, 교도, 오사까) ""윤선영 가이드님""의 자세하고 열정적인 고대, 현대에 비교 설명에 이해가 되면서 넘 즐겁고 행복한 여행 이였습니다. 식사도 우리가 먹는데 큰 불편없이 잘 먹었으며, 숙소 호텔도 깨끗하고 편안했습니다. 보람되고 즐거운 시간에 감사합니다.","객실이 깨끗해요
일정이 알차요
현지 음식이 맛있어요
가격이 합리적이에요
가이드가 열정적이에요"
5,ban****,가족여행으로 좋아요,40대,2025.01.18,"교토-고베-오사카 여행은 정말 좋았어요. 특히 첫날 교토 산라쿠 호텔 조식은 감동이었어요. 특히, 가이드 윤선영님의 관광지에 대한 배경설명과 일본문화에 대한 설명은 여행을 더욱 재미있고, 풍성하게 했어요. 여행의 추억으로 일상을 열심히 사는 힘이 되었습니다.","객실이 깨끗해요
일정이 알차요
현지 음식이 맛있어요
가이드가 전문적이에요
가이드가 배려 깊고 세심해요"
5,raw******,가족여행으로 좋아요,50대,2025.01.18,윤선영 가이드님과 함께한 3박4일 일정으로 아들과 다녀왔습니다 차량이동시 안전을 꼭 체크해주시고 역사와 현재의 상황을 재미있게 말씀해주셔서 지루하지 않고 여유로운 일정으로 즐거운 시간이었습니다 다음에도 윤선영가이드님과 함께하는 시간이 있었으면 하는 바람입니다 ㅎ,"객실이 깨끗해요
일정이 여유로워요
식당이 청결해요
가격이 합리적이에요
가이드가 전문적이에요"
5,is7**,아동동반 여행으로 좋아요,50대,2025.01.17,저희와 함께 여행을 동반해주신 임윤희 가이드님 정말 수고 많으셨고 정말 즐겁게 여행했어요 ~ 끝까지 한분한분 챙기시고 조카가 즐겁게 여행했다고 또 가고 싶다고 하네요 정말 알찬여행이였습니다. 임윤희가이드님 덕분에 즐거웠습니다. 감사합니다,"객실이 깨끗해요
일정이 알차요
현지 음식이 맛있어요
가격이 합리적이에요
가이드가 전문적이에요"
5,176***,가족여행으로 좋아요,40대,2025.01.16,오사카 여행 즐거웠습니다. 김성숙 가이드님. 덕분에 더 알차고 편안하게 여행 했습니다. 완전 만족!!! 만족!!!,"객실이 깨끗해요
일정이 알차요
현지 음식이 맛있어요
가격이 합리적이에요
가이드가 전문적이에요"
5,bby******,친구모임으로 좋아요,40대,2025.01.15,"권상과 함께 하는 오사카 여행 !! 즐거웠습니다. 단체 사진도 잘 찍어주고 저희가 9명이라 시간이 좀 지체 되는것 같았지만,재촉하지 않아서 편했습니다 짧지만 알차게 보냈습니다","호텔이 관광지와 가까워요
일정이 알차요
식당이 청결해요
가격이 합리적이에요
가이드가 배려 깊고 세심해요"
5,ran*****,아동동반 여행으로 좋아요,40대,2025.01.13,패키지 여행은 처음이어서 걱정 했었는데 알찬 일정과 가이드님의 세심함으로 편하게 여행할 수 있었습니다 이동할때마다 하나하나 설명해주셔서 자유여행때는 미처 몰랐던 일본 역사에 대해서도 공부하게 되었던거 같습니다. 박미자 가이드님 3박4일동안 너무 고생 많으셨구요 다음에 기회가 된다면 또 같이 여행했으면 우좋겠습니다,"객실이 깨끗해요
일정이 알차요
현지 음식이 맛있어요
가격이 합리적이에요
가이드가 배려 깊고 세심해요"
5,우현아빠,가족여행으로 좋아요,40대,2025.01.13,가족여행으로는 최고의 일정과 가이드님의열정에 감사합니다,"호텔 부대시설이 좋아요
일정이 알차요
현지 음식이 다양해요
가격이 합리적이에요
가이드가 전문적이에요"
5,gye********,가족여행으로 좋아요,50대,2025.01.12,"딸과 같이한 일본여행은 호텔과 차량의 청결, 품위 그리고, 가이드 김동규님의 차분하면서도 꼼꼼한 설명, 관광지에서의 세심한 고객 중심배려 너무나 감동이었습니다. 많은 여행을 해 보았지만 이번 일본여행의 즐거움, 친절한 안내 가이드님의 가치가 돋보이는 보람찬 여행이었습니다. 친구, 친지에게 하나투어 여행사를 적극 홍보하겠습니다. 감사합니다^^","객실이 깨끗해요
호텔 부대시설이 좋아요
호텔에서 쉬기 좋아요
일정이 여유로워요
현지 음식이 맛있어요"
5,wam**,가족여행으로 좋아요,40대,2025.01.12,즐거운 가족여행이었습니다. 김혜준가이드님께서 전문적이고 세심하셔서 감사했습니다~,"호텔이 시내에 있어요
일정이 알차요
현지 음식이 다양해요
가격이 합리적이에요
가이드가 전문적이에요"
5,you*********,가족여행으로 좋아요,40대,2025.01.12,친절하고 정말 세심한 배려를 해주신 김동규가이드님이 기억에 남습니다. 예전의 패키지여행의 불편한 기억을 완전히 날려주신 가이드님과 잘 짜여진 일정은 저희 가족에 추운 겨울날의 정오에 드는 따뜻한 한 줄기 볕이었습니다. 다음 기회에도 이 같은 여행되기를 바래봅니다.,"객실이 깨끗해요
식당이 청결해요
가이드가 전문적이에요
가이드가 열정적이에요
가이드가 배려 깊고 세심해요"
5,jss******,가족여행으로 좋아요,50대,2025.01.11,요번에 저희 시누이 가족들과 가족여행으로 일본여행을 했는데 넘 좋았어요 ~ 예전에 큐슈여행보다 오사카여행이 더 좋았구요 ~글구 김동규 가이드님 ~ 친절하시고 배려있고 설명도 잘 해주시고 무엇보다 통솔력있게 여행 첨부터 일정 마무리까지 잘 해주셔서 감사했어요 ~담에도 일본여행을 한다면 김동규 가이드님이 같이 하셨음 좋겠어요 ~고맙고 감사했어요 ^^,"일정이 알차요
호텔이 관광지와 가까워요
가이드가 배려 깊고 세심해요"
5,nan*******,가족여행으로 좋아요,40대,2025.01.10,너무 잘다녀온 여행이었고 안전하게 잘다녀왔습니다 김성숙 가이드님 덕분에 더욱더 편안한 여행이었습니다.,"호텔이 관광지와 가까워요
일정이 알차요
즐길 거리가 다양해요
현지 음식이 맛있어요
가이드가 배려 깊고 세심해요"
4,토니토니쵸파,가족여행으로 좋아요,40대,2025.01.10,"오사카,교토여행 전명관 가이드님의 다양한 역사,문화설명에 졸면서도 열심히 들으며 즐겁고 알찬여행이었습니다.","호텔에서 쉬기 좋아요
즐길 거리가 다양해요
현지 음식이 맛있어요
가격이 합리적이에요
가이드가 열정적이에요"
5,k**,가족여행으로 좋아요,50대,2025.01.09,"세심하게 배려해 주시는 이용호 가이드님 덕분에 편안한 여행이 되었던 것 같습니다. 유적지를 관람하면서 일본 역사를 포괄적으로 설명해 주셔서 역사 수업을 듣는 다시 듣는 느낌이었고, 학생 자녀와 같이 여행하는데 유익한 시간이었습니다.","호텔이 관광지와 가까워요
일정이 여유로워요
현지 음식이 다양해요
가격이 합리적이에요
가이드가 전문적이에요"
4,jja**,가족여행으로 좋아요,40대,2025.01.08,처음 가본 일본이었는데 숙소가 시내랑 멀어서 대형버스가 근처까지 못들어가다보니 캐리어를 끌고 10분씩 걸어야 했던게 불편했죠 여행은 알차고 즐겁고 맛있는 3박4일이었어요,"객실이 깨끗해요
일정이 여유로워요
식당이 청결해요
가격만큼 가치 있어요
가이드가 열정적이에요"
5,cho********,가족여행으로 좋아요,20대,2025.01.06,"연말이라 일본에 쉬는 가게가 많다고 해서 패키지로 갔습니다~! 패키지라 일정이 힘들고 자유시간이 없을 것 같았는데, 자유시간을 많이 주셔서 잘 즐기다 온 것 같습니다! 음식도 맛있었네요~ 가이드님도 친절하시고 재미있게 설명해주셔서 좋았습니다.","호텔이 시내에 있어요
일정이 여유로워요
현지 음식이 맛있어요
가격만큼 가치 있어요"
5,tjd********,가족여행으로 좋아요,30대,2025.01.06,너무 재밌었고 행복 했습니다,"객실이 깨끗해요
일정이 알차요
식당이 청결해요
가격만큼 가치 있어요
가이드가 열정적이에요"
4,bah****,가족여행으로 좋아요,40대,2025.01.03,두 딸과의 여행 즐거웠어요 행복하고 잘 다녀왔습니다,"호텔이 관광지와 가까워요
일정이 알차요
현지 음식이 맛있어요
가격이 합리적이에요
가이드가 열정적이에요"
5,yoo******,커플여행으로 좋아요,20대,2024.12.30,행복한 시간 보냈습니당 ~~!! 담당 김성숙 가이드님도 너무 친절하고 세삼하셨어요~! 첫 해외여행 성-공-! 좋은 시간 보내게해주셔서 감사합니당 🙇‍♀️,"객실이 깨끗해요
호텔 부대시설이 좋아요
일정이 여유로워요
즐길 거리가 다양해요
가이드가 배려 깊고 세심해요"
5,cla*******,친구모임으로 좋아요,60대,2024.12.28,정원숙가이드님최고였습니다 벌거벗은세계사강의를들은듯 전문지식으로알기싶고 지혜로우셔서 이번여행뜻깊게다녀보았습니다 마지막으로주신선물도잘받았습니다 귀국후여행자보다 정원숙가이드분이힘들지않을까 걱정됩니다 최고였습니다,"호텔이 관광지와 가까워요
일정이 알차요
식당이 청결해요
가격만큼 가치 있어요
가이드가 열정적이에요"
5,min******,가족여행으로 좋아요,50대,2024.12.27,"호텔은 아담하고 청결했어요.하지만 불편하지 않았고 일본 특유의 검소함을 재루고 왔습니다. 인천공항부터 함께한 이현희 가이드님 덕분에 2박3일이 편안하면서도 안전하게 다녔네요. 해설도 너무 친절하게 해 주시고 돌아오는 인천공항에서도 끝까지 챙겨주시고~ 덕분에 가족여행이 행복했습니다. 내년에 어머니 팔순기념으로 가족여행도 하나투어와 함께 ,희짱과 함께 가고 싶네요. 그때 또 만나요.희짱!!!","객실이 깨끗해요
호텔이 관광지와 가까워요
호텔이 시내에 있어요
호텔에서 쉬기 좋아요
일정이 여유로워요"
5,jin*******,가족여행으로 좋아요,40대,2024.12.25,고등학생 되기 전 엄마와 둘이 오사카 여행 갔다왔는데 너무 알차고 재밌었어요!! 이선규 가이드님 너무 친절하고 재미있으세요!!! 이모처럼 다 꼼꼼하게 챙겨주시고 제가 마지막 날에 호텔 키를 잃어버렸는데 식사하시다 편의점까지 가셔서 찾아주셨어요 😭 너무 감사합니다😍 유니버셜 스튜디오도 좋았고 도톤보리 쇼핑은 최고였어요! 마지막에 알려주신 초밥집도 너무 맛있고 좋았어요. 잊지 못할 여행하게 해주셔서 감사합니다 🥰👍,"호텔이 관광지와 가까워요
가이드가 배려 깊고 세심해요
가이드가 열정적이에요
가이드가 전문적이에요
가이드가 재밌어요"
4,woo****,커플여행으로 좋아요,50대,2024.12.23,박짱과 함께 한 즐거운 여행이었습니다. 12월인데도 날씨도 너무 좋았고 패키지여행의 이점을 충분히 살렸습니다. 호텔도 가성비 좋았지만 유일하게 한가지 흠을 찾자면 2일차 저녁식사 야키니꾸는 최악의 식사였습니다. 저만 그런게 아니고 함께한 다른분들들도 고기가 안좋다고 했습니다. 야키니꾸 제외하곤 만족스런 여행이었습니다,"객실이 깨끗해요
일정이 알차요
가격이 합리적이에요
가이드가 배려 깊고 세심해요"
5,dua******,가족여행으로 좋아요,50대,2024.12.22,일정이 여유로워 만족한 여행입니다. 입국과 귀국도 여유있어 좋았습니다 ~,"객실이 깨끗해요
호텔이 시내에 있어요
일정이 여유로워요
식당이 청결해요
가격이 합리적이에요"
5,joo***,아동동반 여행으로 좋아요,40대,2024.12.21,일찍 출발일정이라 첫날은 조금피곤했지만 음식. 일정 다 재미있었고 날씨까지 춥지않아서 더 좋았어요. 가이드님 차분하시고 설명도잘해주시고 너무 좋았습니다. 초딩 마지막 딸래미랑둘이 다니는여행이라서 더 좋았던것같아요~~ 다음에 또 다른투어가 정형희 가이드님 하시면 가고 싶네요 ^--^,"일정이 알차요
현지 음식이 맛있어요
가격이 합리적이에요
가이드가 전문적이에요
가이드가 배려 깊고 세심해요"
5,kp0**,친구모임으로 좋아요,60대,2024.12.20,박지영 가이드님 정보도 꼼꼼히 잘 챙겨주시고 설명도 자세하게 말씀을 참 잘해주셔서 인상적이였어요 멋진 박지영 가이드님 늘 화이팅하십시요~ 덕분에 편안하고 행복한 여행 감사함을 이렇게나마 전합니다~~,"호텔에서 쉬기 좋아요
일정이 알차요
현지 음식이 다양해요
가격이 합리적이에요
가이드가 배려 깊고 세심해요"
5,kan********,가족여행으로 좋아요,30대,2024.12.20,정도 많고 착하신 우리 이선규 가이드님 덕분에~ 즐거운 오사카 여행 잘 다녀 왓습니다~^^ 기회가 되면 다음여행에 꼭 만나기를~~~~🫶🫶,"호텔이 관광지와 가까워요
일정이 여유로워요
현지 음식이 맛있어요
가격이 합리적이에요
가이드가 배려 깊고 세심해요"
5,janeida,아동동반 여행으로 좋아요,40대,2024.12.19,아이와 함께라면 안전한패키지로~~ 공항부터 가이드님 만나 계속 잘 챙겨 주시고 설명도 잘해주시고 감사했어요 ~~,"객실이 깨끗해요
호텔이 시내에 있어요
일정이 알차요
가이드가 배려 깊고 세심해요
가이드가 전문적이에요"
5,phj****,가족여행으로 좋아요,40대,2024.12.18,가이드님께서 세심히 잘챙겨주시고 하나하나 설명을 잘해주셔서 재미있고 알찬 여행이었습니다~^^,"일정이 알차요
가이드가 전문적이에요
가이드가 열정적이에요
가이드가 배려 깊고 세심해요
가이드가 재밌어요"
4,sunbongh,가족여행으로 좋아요,60대,2024.12.18,가이드가 친절했어요.,"호텔이 시내에 있어요
일정이 여유로워요
현지 음식이 맛있어요
가격만큼 가치 있어요
가이드가 배려 깊고 세심해요"
5,쥐콩이,가족여행으로 좋아요,30대,2024.12.15,너~무 재밌게 잘다녀온 오사카- 교토 여행 가이드님이 잘 설명도해주시고 맛집안내도 잘해주셔서 너무 잘다녀왔습니다~~~,"객실이 깨끗해요
호텔이 시내에 있어요
일정이 알차요
가이드가 열정적이에요
가이드가 전문적이에요"
4,psy****,가족여행으로 좋아요,40대,2024.12.14,적당한 가격대에 맞는 상품이었네요.,"객실이 깨끗해요
일정이 알차요
현지 음식이 맛있어요
가격이 합리적이에요
가이드가 전문적이에요"
5,tjw********,아동동반 여행으로 좋아요,50대,2024.12.13,이지인 가이드님 너무 설명 잘해주시고 너무 재밌었습니다 딸도 너무 좋아하네요 다음에도 오고싶어요 :) 숙소도 시내 10분 거리라서 좋았습니다,"호텔이 관광지와 가까워요
호텔이 시내에 있어요
즐길 거리가 다양해요
가이드가 전문적이에요
가이드가 열정적이에요"
4,방콕,가족여행으로 좋아요,30대,2024.12.10,"신사부터 단풍, 번화가까지 다양한 경험을 할 수 있어 알찼던 여행","객실이 깨끗해요
일정이 알차요
식당이 청결해요
가격만큼 가치 있어요
가이드가 열정적이에요"
5,jsk****,가족여행으로 좋아요,50대,2024.12.09,"가족과 함께한 첫 해외 여행이라 걱정도 많았는데! 김*숙 가이드님 의 친절한 설명과 배려 감사드려요^^ 또한 일본에 대한 전문적 역사, 문화 설명도 좋았아요! 다음 일본 여행도 김*숙 가이드님과 함께하고 싶어요^^","일정이 알차요
식당이 청결해요
호텔이 시내에 있어요
가격만큼 가치 있어요
가이드가 배려 깊고 세심해요"
5,mun****,가족여행으로 좋아요,40대,2024.12.09,아이를위해 오사카여행을 계획하고 있었는데 딱 제가찾는 유니버셜과 오사카만을 여행하는 패키지같지않은 패키지여행 너무 좋았어요.,"호텔이 관광지와 가까워요
일정이 여유로워요
현지 음식이 맛있어요
가이드가 열정적이에요
가이드가 배려 깊고 세심해요"
4,mig******,아동동반 여행으로 좋아요,50대,2024.12.09,첫방문인 오사카~~ 좋았어요~ 김동규 가이드님 덕분에 여유로운 여행이였습니다,"호텔이 관광지와 가까워요
일정이 여유로워요
현지 음식이 맛있어요
가격이 합리적이에요
가이드가 배려 깊고 세심해요"
4,airkang23,가족여행으로 좋아요,40대,2024.12.09,일정이 어느 한쪽에 치우침 없어 심심하지도 너무 힘들지도 않고 좋았어요 가이드 분도 잘 해주시고 좋은 여행이었습니다,"호텔이 관광지와 가까워요
일정이 여유로워요
현지 음식이 다양해요
가격이 합리적이에요
가이드가 재밌어요"
5,bib*****,가족여행으로 좋아요,30대,2024.12.06,"3박4일 오사카,교토,고베 알찬 일정으로 다녀올수있어서 만족스럽습니다. 음식도 전반적으로 맛있었고 쾌적한 버스로 이동할수있어 편하게 여행했습니다. 특히 저희 팀 가이드해주신 정영재 가이드님 덕분에 여행에 더 만족할수있었습니다. 정말 친절하시고 잘챙겨주셔서 감사합니다. 가이드님 덕분에 즐겁게 여행했고 여행장소에 대해 자세히 설명해주셔서 재미가 배가되었습니다! 다음번에 또 기회가 된다면 가이드님의 투어상품을 이용하고싶습니다! 감사했습니다 가이드님~~^^","일정이 알차요
현지 음식이 맛있어요
가격이 합리적이에요
가이드가 배려 깊고 세심해요
가이드가 전문적이에요"
5,푸딩이,가족여행으로 좋아요,40대,2024.12.05,"폭설로 첫날은 비행기안에서 보냈어요.다행히 다음날부터 재미있게 놀았어요 1일 자유일정은 주유패스로 오사카성,하늘정원,도톤보리 크루즈등 무료입장,할인 받았어요.","객실이 깨끗해요
즐길 거리가 다양해요
식당이 청결해요
가격만큼 가치 있어요
가이드가 전문적이에요"
5,uni******,가족여행으로 좋아요,40대,2024.12.05,가이드분이 설명을 잘 해주셔서 넘 유익하기도 했구요... 가방을 분실했었는데..그에대한 대책도 같이 잘 세워주셔서 무사히 찾을 수 있었습니다....돌발상황 대처도 너무 잘 해주셨어요 중간중간 주어지는 자유시간을 이용하는 팁도 잘 알려주시고.. 맛집 설명도 잘 해주시고 ...다음에 또 만나고 싶은 가이드님이십니다...여행 내내 즐거웠고 ..마무리까지 좋았습니다,"호텔이 관광지와 가까워요
일정이 알차요
현지 음식이 맛있어요
가격이 합리적이에요
가이드가 전문적이에요"
5,hyo*******,가족여행으로 좋아요,50대,2024.12.03,"즐거운 여행이였어요 그중에 유니버셜스튜디오까지 꽉꽉 ~, 알차게 친절한 가이드님까지 최고였어요","객실이 깨끗해요
호텔 부대시설이 좋아요
호텔이 시내에 있어요
호텔에서 쉬기 좋아요
일정이 알차요"
5,dms*******,기타,50대,2024.12.01,여행 떠나는날 갑작스런 폭설 때문에 결항 된 비행기들이 있어서 우리가 타고 갈 비행기도 결항 될까봐 걱정 했는데 무사히 오사카로 출발하게 되었고 2박3일 여행은 시작되었습니다. 관광지명소를 다닐 때 마다 친절하고 배려 깊게 보살펴 준 심다미가이드님께도 정말 감사해요.~ 깨끗한 숙소와 식사도 세심히 신경써 주신것 같았어요. 다음에도. 하나투어에서 여행하고 싶어요.~ 여행상담 및 오사카행 비행기 좌석예약까지 도와주신 김경호 (명일동점)점장님께도 정말 감사해요~,"객실이 깨끗해요
일정이 여유로워요
현지 음식이 맛있어요
가격이 합리적이에요
가이드가 배려 깊고 세심해요"
5,jein55,친구모임으로 좋아요,40대,2024.11.29,오사카 교토 잘다녀왔습니다,"호텔에서 쉬기 좋아요
일정이 알차요
현지 음식이 다양해요
가격이 합리적이에요
가이드가 전문적이에요"
4,pyr*****,가족여행으로 좋아요,50대,2024.11.29,가이드가 날씨요정^^ 친절하고 열정적~~~,"일정이 여유로워요
가이드가 열정적이에요
가이드가 배려 깊고 세심해요
가이드가 재밌어요
식당 뷰가 좋아요"
4,san******,가족여행으로 좋아요,50대,2024.11.29,2박3일 여행은 좀 빠듯한것같아요 엄청 바삐 다닌듯하네요ㅎㅎ 다음에는 좀 여유있게 오고싶은맘이 드네요^^,"호텔이 시내에 있어요
일정이 알차요
현지 음식이 맛있어요
가격만큼 가치 있어요
가이드가 전문적이에요"
5,dae*****,가족여행으로 좋아요,50대,2024.11.27,하나투어 와 함께라서 행복합니다 예약 해주신 이주연 실장님과 인솔해주신 정종환 가이드님 덕분에 즐겁고 추억이 가득한 여행 이였습니다 고맙고 감사합니다,"객실이 깨끗해요
현지 음식이 맛있어요
가이드가 열정적이에요"
5,rst***,가족여행으로 좋아요,40대,2024.11.26,"여행기간 : 2024. 11. 21.(목) ~ 11. 23.(토) 가이드 : 박향옥 저에게는 20년 만의 오사카 여행과 아내의 첫 일본 여행을 위해 여러 여행사의 상품을 비교해 가며 출발과 도착 시간, 내용이 알찬 하나투어의 이 상품을 찾게 되었습니다. 오사카 여행은 도톤보리 글리코 사인으로 시작해서 오사카성으로 마무리를 짓는게 정석이라 생각하고 있습니다. 이 여행의 안내를 맡으신 박향옥 가이드님께서는 여행 내 내 일본에 대해 많은 것을 알려주셨으며 여행객의 안전과 편의를 위해 잠시도 쉬지 않으셨습니다. 덕분에 먹고 사진만 찍고 ...","호텔이 시내에 있어요
일정이 알차요
현지 음식이 맛있어요
가격이 합리적이에요
가이드가 열정적이에요"
5,jun******,가족여행으로 좋아요,20대,2024.11.25,박향옥 가이드님께 가이드 받으며 2박 3일 여행 잘 다녀왔습니다! 어머니 모시고 가는 여행이었고 가이드님께서 일본 오사카와 교토에 대하여 설명도 세심하게 해주셔서 귀에 쏙쏙 들어온 여행이었습니다! 패키지라 사람이 많다보니 인솔하시는게 쉽진 않으셨을텐데 모든 일정을 소화해주셨고 꽉꽉 담아서 일본을 보고 왔습니다 재밌게 잘 다녀왔습니다 감사합니다!,"호텔이 시내에 있어요
호텔이 관광지와 가까워요
현지 음식이 맛있어요
가격이 합리적이에요
가이드가 배려 깊고 세심해요"
5,nan*****,가족여행으로 좋아요,40대,2024.11.11,교토숙소는 너무 좋았어요^^ 오사카숙소는 진짜 별로였고요.. 다음엔 교토만 다시 가보고 싶네요,"일정이 알차요
가격만큼 가치 있어요
가격이 합리적이에요
가이드가 전문적이에요"
4,jin*******,커플여행으로 좋아요,30대,2024.11.11,가이드분이 설명도 잘해주시고 상황에 따라 대응도 잘해주셨어요.,"객실이 깨끗해요
호텔 부대시설이 좋아요
일정이 알차요
현지 음식이 맛있어요
가이드가 열정적이에요"
5,jda****,가족여행으로 좋아요,40대,2024.11.09,모녀여행으로 다녀왔어요😊 날씨도 좋고 김영미 가이드님의 일본 역사이야기도 의미있고 좋았어요 가족여행 / 친구와의 여행으로 추천드려요!!,"일정이 여유로워요
가격이 합리적이에요
호텔에서 쉬기 좋아요
식당이 청결해요
가이드가 열정적이에요"
4,gka*****,가족여행으로 좋아요,50대,2024.11.08,"가족들과 여행에서 즐거운 시간을 보냈으며, 짧은 시간으로 즐겁고 유익한 시간었습니다. 해마다 가까운 여행지로 여행계획을 세우려고 하는데 하나 투어가 맞춤여행사로는 최고입니다","호텔이 시내에 있어요
일정이 여유로워요
현지 음식이 다양해요
가격만큼 가치 있어요
가이드가 열정적이에요"
5,ks5***,가족여행으로 좋아요,80대,2024.11.08,손녀를 데리고 방학동안 추억을 만들어 주려 했는데 아주 즐겁고 편안한 여행이었다.,"객실이 깨끗해요
일정이 여유로워요
현지 음식이 맛있어요
가격만큼 가치 있어요
가이드가 열정적이에요"
5,sum*****,가족여행으로 좋아요,70대,2024.11.08,가족과 함께한 오사카 교토여행 즐겁고 만족스러웠습니다. 그리고 김영미 가이드님의 전문적인 해설과 세심한 배려 덕분에 더 알찬 여행이 되어 감사의 말씀을 전해드립니다,"일정이 여유로워요
현지 음식이 맛있어요
가이드가 배려 깊고 세심해요
객실이 깨끗해요
가격이 합리적이에요"
5,kjh*,가족여행으로 좋아요,60대,2024.11.07,여행중 가이드님께서 잘해주셔서 좋았습니다,"객실이 깨끗해요
즐길 거리가 다양해요
현지 음식이 다양해요
가격만큼 가치 있어요
가이드가 열정적이에요"
5,ipi*****,친구모임으로 좋아요,60대,2024.11.03,첫 일본 여행 넘 알차고 즐거웠어요 오사카와 교토 고베까지 전문적이고 열정적인 가이드님 덕분에 일본 역사와 다양한 이야기도 재미있고 음식도맛나고 숙소도 넓고 깨끗하고 편안하게 쉴 수 있었어요 오사카 도톤보리와 교토의 기요미즈데라와산넨자카의 돌담길 후시미 이나리 신사와 도게츠교 다리도 건너고 치쿠린의 대나무 숲도 거닐고 오사카성 공원도 구경하고 고베는 육갑산과기타노이진칸 등 두루 잘 다녀왔어요 다시 또 가고 싶네요^^,"객실이 깨끗해요
일정이 알차요
현지 음식이 맛있어요
가격만큼 가치 있어요
가이드가 전문적이에요"
5,hou***,가족여행으로 좋아요,40대,2024.11.01,가이드님이 여행곳곳을 설명을 잘해주시고 숙소도 도심지와 가까워서 좋았음,"호텔이 관광지와 가까워요
호텔이 시내에 있어요
일정이 알차요
현지 음식이 다양해요
가격만큼 가치 있어요"
4,cho*******,나홀로 여행으로 좋아요,20대,2024.10.31,너무 재밌었고 가이드님도 너무 친절 하셨어요^^,"호텔이 관광지와 가까워요
일정이 알차요
현지 음식이 맛있어요
가격이 합리적이에요
가이드가 재밌어요"
5,yum****,가족여행으로 좋아요,50대,2024.10.26,해외에서 잠시 들어온 동생과 조카..오랫만에 가족여행이었어요. 볼거리 먹거리 즐길거리 모두 만족스러운 힐링과 휴식이 가득한 여행이었고 너무 만족해서 오고싶지 않았다는 ㅎ..여행전에 설레임과 행복감을 가슴 가득 품고 일상으로 복귀했네요..여행의 격을 높여주신 노성경 가이드님의 섬세한 설명..전 유적지 투어는 아는만큼 더 얻는게 많더라고요..다음에 다시 뵙게 되는 행운이 있기를..~~감사합니다..,"가이드가 배려 깊고 세심해요
가이드가 열정적이에요
가격이 합리적이에요
현지 음식이 맛있어요
일정이 여유로워요"
4,sin****,가족여행으로 좋아요,50대,2024.10.25,"노부모님(80대) 모시고 다녀왔습니다. 일정이 여유로운 편이라 노부모님이 일정 소화하는데 큰 무리없이 잘 진행되었으며, 같이 가신 일행분들의 배려로 잘 다녀왔습니다. 식사도 꽤 괜찮은 편이였는데, 호텔이 너무 노후된건 조금 아쉽긴 합니다.","호텔이 시내에 있어요
일정이 여유로워요
현지 음식이 맛있어요
가격이 합리적이에요
가이드가 열정적이에요"
5,ods****,가족여행으로 좋아요,30대,2024.10.21,부모님과 일본여행 하나투어덕에 정말 즐겁게 다녀왔습니다,"호텔에서 쉬기 좋아요
일정이 알차요
즐길 거리가 다양해요
가이드가 전문적이에요
가이드가 열정적이에요"
5,kim******,아동동반 여행으로 좋아요,40대,2024.10.19,아주 좋았습니다 가이드도 친절,"호텔이 시내에 있어요
일정이 알차요
현지 음식이 다양해요
가격이 합리적이에요
가이드가 전문적이에요"
5,꼼꼬미,가족여행으로 좋아요,60대,2024.10.18,짧은 기간이었지만 가이드인 안준영님께서 차분히 다양한 얘기를 해주셔서 지식이 +1이상이 되었고 편안히 잘 다녀왔습니다.,"호텔이 관광지와 가까워요
식당이 청결해요
가이드가 전문적이에요
가이드가 배려 깊고 세심해요"
5,big********,가족여행으로 좋아요,40대,2024.10.17,호빵맨 가이드님 고생많으셨습니다. 일정이 알차고 덕분에 편안하게 여행했습니다. 자유여행 했으면 이일정 다 돌아보질 못했을텐데 패키지로 다녀오길 잘 선택했네요🌸🌸,"호텔 부대시설이 좋아요
일정이 알차요
식당이 청결해요
가격이 합리적이에요
가이드가 전문적이에요"
5,imh*****,친구모임으로 좋아요,50대,2024.10.16,깨복쟁이 친구들과 처음 일본여행 설래기도하고 처음 가는거라 언어 가 통하지 안은조금에 두려움 ~~~괜한걱정이였었요^^ 조현주 가이드님 을만나 친절하고 오사카 구석 구석 에 대한 설명과 좋은점 나쁜점 설명두 잘해주시구 2박3일 내내 즐겁게 여행했읍니다 기회가 되다면 또 현짱 님 과 하고싶네요 가이드님 이 잇어 친구들과 좋은 추억두 쌓고 즐거운 여행이였읍니다^^,"객실이 깨끗해요
일정이 알차요
가격이 합리적이에요
현지 음식이 다양해요
가이드가 열정적이에요"
5,ima****,가족여행으로 좋아요,70대,2024.10.16,"나라,고베,교토,오사카 여행 후기 김포공항에서 오사카 2박3일(10/13-10/15) 일정으로 정선화 가이드 겸 인솔자(정짱)와 함께 일본 다녀왔습니다. 처음 김포공항에서 만난 정짱의 첫 인상은 단아하면서도 환한 미소가 예뻐 보였습니다. 함께한 일행들을 즐겁게 맞아 주었습니다. 간사이 공항에 내려 나라와 교토, 고베 일정이 빠듯하게 이어진 가운데서도 미소를 잊지 않았고 각 조(1~9조)를 이름 지어, 인솔하는데 효과적인 방법으로 신속하게 체크하고 확인하였습니다. 버스로 이동하는 가운데 틈틈이 여행 목적지 그곳의 지방 명소들을 ...","호텔이 시내에 있어요
일정이 알차요
식당 뷰가 좋아요
가격이 합리적이에요
가이드가 전문적이에요"
5,yur****,가족여행으로 좋아요,40대,2024.10.15,가이드님이 너무 친절하시고 유쾌하셔서 좋았어요,"호텔이 관광지와 가까워요
일정이 알차요
현지 음식이 다양해요
가격만큼 가치 있어요
가이드가 전문적이에요"
5,a01*********,가족여행으로 좋아요,60대,2024.10.15,쉬고싶어 잠대신 택한 딸과 동행한 일본여행 그러나 입국심사때 화장실에 베낭을 두고나와 난감했지만 정현숙가이드님께서 친절하고 냉정하며 다정하게 일처리를하여 같이여행온 다른분들께 피해를 주지않으면서도 깔끔하게 베낭을 찾아주셨다. 감사합니다. 2박3일 여행중에는 가이드님이 얘기하는 일본역사를 들어가며 둘러보니 더욱 재미 있었다. 일본인들은 남에게 피해를 안주려하고 남을 배려하는게 느껴졌다. 마주보고 사람이 걸어오면 미리 피해주는게 '우리나라사람들중에 마주보고 사람이오면 부딪치겠다 싶을정도로 직진하고 빨리걸어오는 사람이 꽤 많아 피해주면...,"호텔이 관광지와 가까워요
일정이 알차요
식당이 청결해요
가격이 합리적이에요
가이드가 전문적이에요"
5,pin******,아동동반 여행으로 좋아요,40대,2024.10.13,이번 여행은 신랑과 결혼기념일이기도 하고 아이들에게는 첫 해외여행이였습니다. 이런 뜻깊은 날에 솔직히 신랑과 둘이 다니는거라면 상관없었을텐데 아이들을 데리고 일본여행은 쉽지 않은 도전이기에 하나투어의 힘을 빌렸지요~^^; 그렇게 시작된 김미림가이드님♡ 인천공항미팅전부터 친절하고 꼼꼼한 설명은 물론이고 첫날의 도톤보리와 신사이바시에서의 빠듯한 시간이지만 최대한 맛집부터 산책코스까지 알려주셔서 시원한바람에 사케집들과 상점들이 있는 곳을 걷는데 아직도 도톤보리앓이 중입니다.ㅎㅎ 둘째날도 유니버셜재팬에서 마침 할로윈이 꼈는바램에 사람이 진...,"객실이 깨끗해요
즐길 거리가 다양해요
식당이 청결해요
가격만큼 가치 있어요
가이드가 배려 깊고 세심해요"
5,dip****,가족여행으로 좋아요,20대,2024.10.13,"엄마랑 둘이 다녀왔어요! 일정 재밌고 날씨도 맑고 다 좋았는데 제일 좋았던 건 가이드님이었어요 ☺️ 안내도 잘해주시고, 여행일정 내내 친절하고 세심하게 잘 챙겨주셔서 감사했습니다! 김미림 가이드님 항상 건강하세용 💓","호텔에서 쉬기 좋아요
일정이 알차요
현지 음식이 맛있어요
가격만큼 가치 있어요
가이드가 배려 깊고 세심해요"
5,kyk***,가족여행으로 좋아요,50대,2024.10.11,김주옥 가이드님이 전문적 열정적 배려가 많아 즐거운 여행이었습니다.,"객실이 깨끗해요
일정이 알차요
현지 음식이 맛있어요
가격이 합리적이에요
가이드가 배려 깊고 세심해요"
5,bet*****,친구모임으로 좋아요,50대,2024.10.10,"30년 지기 내 영혼의 단짝 친구와 급조해서 가게 된 일본여행 이었어요~ 대천 사는 친구 공항버스 시간 때문에 취소할 뻔 했지만.. 우여곡절 끝에 비행기를 타게 되었답니다^^ 일본 여행이 처음인 친구이기도 하고 급하게 가게 되어 자유여행 대신 패키지로 가게 되었는데, 오사카 대표 명소도 가고 인생사진 찍을 수 있게 날씨도 한몫 해주었네요. 특히, 박성숙 가이드님! 열정도 있으시고 편하게 가이드 해주셔서 덕분에 친구와의 여행이 성공적 이었습니다. 감사해요~ 이런 여행이라면 힘들게 자유여행 가지 않고 패키지로 갈 수 있을것 같아요..ㅋ","호텔이 시내에 있어요
호텔 부대시설이 좋아요
일정이 여유로워요
가이드가 열정적이에요
가격만큼 가치 있어요"
5,dla*******,가족여행으로 좋아요,40대,2024.10.08,"딸과 간 여행 너무 좋았어요. 날씨도 좋았구요. 교토도 너무 좋아서 가이드님 말대로 또 오고 싶은 곳이네요.오사카 성,금각사도 좋았구요. 음식도 깔끔하고 매장들도 좋았어요. 짧은 일정이었지만 알차고 재미지게 보냈습니다. 엔저라 더욱 좋았구요. 아울렛 gap매장은 꼭 들르세요. 한개씩 득템하세요. 매장도 크고 할인도 많더라구요. 박성숙 가이드님 이쁘시고 친절하고 말까지 위트 있게 하시고 선한 가이드님이시더라구요. 일본여행 하시는 분들께 강추 강추!! 같이 여행한 팀 분들도 매너가 좋아서 더 즐거운 여행이었던거 같아요. 모두들 즐 ...","객실이 깨끗해요
일정이 알차요
일정이 여유로워요
즐길 거리가 다양해요
현지 음식이 맛있어요"
3,tom****,가족여행으로 좋아요,30대,2024.10.08,박석문가이드가 아니였다면 1점짜리가 될뻔한 패키지 가이드님이 이것저것 설명도 해주시고 이것저것 다 잘챙겨주심,"호텔이 시내에 있어요
즐길 거리가 다양해요
가이드가 열정적이에요
가이드가 배려 깊고 세심해요
가이드가 재밌어요"
4,cho*****,가족여행으로 좋아요,50대,2024.10.08,날씨가 조금 말썽이었지만 전체적으로 만족함,"객실이 깨끗해요
호텔이 시내에 있어요
일정이 알차요
현지 음식이 다양해요
가격이 합리적이에요"
5,jun******,가족여행으로 좋아요,20대,2024.10.07,3박4일 이지은 가이드님 덕분에 소중한 추억 쌓고갑니다. ありがとうございます。,"객실이 깨끗해요
일정이 알차요
가격이 합리적이에요
가이드가 전문적이에요
가이드가 배려 깊고 세심해요"
5,ilo*****,가족여행으로 좋아요,30대,2024.10.07,"딸아이와 단 둘이 간 여행이라 걱정이 많았는데, 가이드분께서 잘 챙겨주셔서 너무 즐겁게 여행했습니다.","일정이 알차요
호텔이 시내에 있어요
현지 음식이 다양해요
가격이 합리적이에요
가이드가 열정적이에요"
4,ins*******,가족여행으로 좋아요,50대,2024.10.07,여행지도 너무좋았고 기이드님도 열정이 넘지셔서 너무좋았어요,"객실이 깨끗해요
일정이 알차요
현지 음식이 맛있어요
가격이 합리적이에요
가이드가 배려 깊고 세심해요"
5,lem*********,가족여행으로 좋아요,30대,2024.10.06,일본여행 잘 다녀왔습니다! 볼거리도 많고 좋았어요~,"객실이 깨끗해요
호텔에서 쉬기 좋아요
일정이 알차요
현지 음식이 다양해요
가이드가 열정적이에요"
5,ysa****,가족여행으로 좋아요,40대,2024.10.06,유니버셜 원한 딸과 교토를 원한 저의 소망을 담아 선택한 패키지였습니다. 가기전 비온다는 소식에 걱정반 기대반이였는데 비가 온 교토도 너무 좋았어요. 중간중간 가이드님이 아시는 것도 많아 재밌게 얘기해주셔서 더욱 즐거운 관광이였습니다. 교토호텔에서의 온천도 또다른 묘미가 되었고 피로가 풀리니 여행하는게 한층 더 좋았습니다. 처음엔 자유식이 걱정이였는데 가이드님의 도움으로 현지인 맛집을 가게되어 오히려 더 좋은 경험했습니다. 저의 실수로 핸드폰을 잃어버리는 대형사건이 있었는데 김연자가이드님이 너무 애써주셔서 무사히 찾았습니다. 가이드...,"현지 음식이 맛있어요
가이드가 전문적이에요
가이드가 열정적이에요
호텔이 시내에 있어요
객실이 깨끗해요"
4,hjh******,가족여행으로 좋아요,40대,2024.10.06,가족여행으로 좋았습니다. 패키지로서. 편안한 다양한 알찬 여행이였습니다. 가이드님의 설명과 이야기가 많은 도움이 되었고. 아직도 가이드님의 이야기가 남아 더욱 추엌이 되었습니다. 감사인사를. 제대로 못하고 헤어져 많이 죄송하고 감사했습니다. 앞으로도 큰 신뢰가 가는 하나투어로 더욱 즐거운 추엌을. 쌓을생각. 입니다. 감사했습니다 가이느님 힘드셨을텐데. 세심ㅅ난 배려와 즐거움을 주셔서 감사했습니다.,"객실이 깨끗해요
가격이 합리적이에요
가이드가 열정적이에요
가이드가 배려 깊고 세심해요"
5,cho*****,가족여행으로 좋아요,60대,2024.10.05,정영재 가이드 칭찬합니다. 고객 중에서 모이는 시간을 잘못 알아서 착오가 있었는데 그런 것도 다 자기가 부족했다고 하는 모습 참 좋았습니다. 그리고 모든 인솔에 있어서 성심성의껏 하고 친절하며 또 정직한 모습도 보았습니다. 아주 훌륭한 가이드였습니다.,"호텔 부대시설이 좋아요
호텔이 시내에 있어요
일정이 알차요
가격이 합리적이에요
가이드가 배려 깊고 세심해요"
5,kuh****,가족여행으로 좋아요,50대,2024.10.05,"패키지 여행은 처음이라 많이 망설였는데, 국내1위 여행사라 믿고 갔는데 대만족이어었습니다. 가격대도 합리적이고 일본호텔이 작다고 해서 많이 걱정했는데, 좁지만 있을건 다 있고 새로 지어진 한국인이 많이 오는 비지니스호텔이라 그런지 무료로 쓸수 있는 목욕탕이 있어 더욱 좋았습니다. 말그대로의 대욕장은 아니었지만요 ㅎㅎ 그리고 무엇보다 강성희가이드님이 잘 챙겨주셔서 너무 좋았습니다. 해박한 지식으로 일본관광지에 대한 설명 너무 잘 해주셔서 관광의 깊이가 더해졌습니다. 와이프가 무얼 사고 싶다고 말씀드리니 그건 어디서 판다고 이곳과 ...","호텔 부대시설이 좋아요
일정이 알차요
현지 음식이 다양해요
가격이 합리적이에요
가이드가 배려 깊고 세심해요"
5,jnp********,가족여행으로 좋아요,20대,2024.10.03,재밌고 좋았었습니다.ㅎㅎㅎㅎ,"호텔이 관광지와 가까워요
일정이 알차요
현지 음식이 맛있어요
가이드가 전문적이에요
객실이 깨끗해요"
5,bpr*********,가족여행으로 좋아요,40대,2024.10.02,오사카는 패키지가 처음인데 일정도 나름 여유 있고 좋네요~^^,"객실이 깨끗해요
호텔이 관광지와 가까워요
일정이 알차요
일정이 여유로워요
현지 음식이 맛있어요"
5,hjhjys1211,커플여행으로 좋아요,40대,2024.10.02,이선주 가이드님 박학다식하고 배려심도 깊으시고 말씀도 예쁘게 조용히 귀에 쏙쏙잘들리게 예기해주시고 여행내내 너무 잼있었습니다~~~^^ 첫날 작은사고는 있었지만 걱정해주셔서 감사해요~~~ 또 인연이되면 이선주가이드님 또 만나고 싶네요~~~^^♡,"일정이 알차요
호텔이 시내에 있어요
가이드가 배려 깊고 세심해요
가이드가 전문적이에요"
4,jim*******,가족여행으로 좋아요,40대,2024.09.28,"사춘기아들은 여행내내 말도 잘없다가 다녀오니 가이드님이랑 또 같이가신분들 이랑 정이들어서 집에오니 너무그립다네요(알수없는 중1. . ㅋ) 일본 여행 아이들이랑 잘다녀왔어요 걷는건 나름 좋았는데 날씨생각을 하고 9월말에 예약을 한건데. 와. . 너무더워서 혼났어요 .9월말도 일본은. 아주아주덥습니다. 우직하고 배려깊은 가이드님 덕에 도요토미 히데요시 ,이야기도 경제 이야기도 너무나도 재미있었어요! 같이 가셨던 분들도 다들 좋은분들 이고. 아이들도 너무너무 좋아했던 첫 해외여행이였네요! 담에 또 뵈용","객실이 깨끗해요
호텔이 관광지와 가까워요
호텔이 시내에 있어요
호텔에서 쉬기 좋아요
가이드가 배려 깊고 세심해요"
5,jew********,가족여행으로 좋아요,40대,2024.09.28,"유니버셜 스튜디오가 단연 최고였어요! 그 외에 여러 지역을 다양하게 둘러볼 수 있었어요. 특히, 가이드 해주시는 분께서, 여행지에 대해 상세히 설명해 주셔서 배울점도 많았고, 도움이 많이 되었습니다. 더불어 매우 친절하시고 편하게 대해 주셔서 궁금한 것 질문하기도 좋았습니다.","가이드가 배려 깊고 세심해요
가이드가 전문적이에요
일정이 알차요
가이드가 재밌어요
가이드가 열정적이에요"
5,jid*****,가족여행으로 좋아요,40대,2024.09.28,"2박3일 교토, 오사카 여행을 통해 좋은 추억을 만드는 시간을 갖게되어 참 좋았습니다! 배윤희 가이드님과 패키지 팀원분들이 참 좋으셔서 여행을 편안하고 즐겁게 마무리했습니다! 감사드립니다 ^^","객실이 깨끗해요
호텔이 관광지와 가까워요
일정이 알차요
현지 음식이 다양해요
가이드가 전문적이에요"
5,bab*****,가족여행으로 좋아요,40대,2024.09.27,알차게 잘 다녀왔어요. 너무 알차서 피곤은 했지만 재미있었어요. 단. 너무 더워서 힘들었지만요. 좋았어요,"호텔이 관광지와 가까워요
일정이 알차요
현지 음식이 맛있어요
가이드가 열정적이에요"
5,han*****,가족여행으로 좋아요,60대,2024.09.23,"호텔 시내라서 좋았고 가이드가 열정적, 친절하시고 잘안내해주셨음.","호텔이 시내에 있어요
일정이 알차요
현지 음식이 맛있어요
가격이 합리적이에요
가이드가 전문적이에요"
5,lemon_c30,나홀로 여행으로 좋아요,30대,2024.09.21,"혼자 여행하는 사람도 알차고 재밌게 보낼수 있는것 같아요! 중간 중간 가이드님도 여행꿀팁, 관광지 역사같은것도 잘 알려주셔서 잘 즐기고 왔습니다 :)","객실이 깨끗해요
일정이 여유로워요
현지 음식이 맛있어요
가격이 합리적이에요
가이드가 배려 깊고 세심해요"
5,dld*********,가족여행으로 좋아요,20대,2024.09.21,여행 일정도 타이트하지 않아서 좋았고 가이드님이 잘 인솔해주셔서 가족 여행을 잘 다녀왔습니다.,"일정이 여유로워요
가이드가 전문적이에요
가이드가 열정적이에요
가이드가 배려 깊고 세심해요
가이드가 재밌어요"
5,유설아,가족여행으로 좋아요,20대,2024.09.21,처음 일본여행을 갔는데 친절하게 배려도 해주시고 설명도 잘해주셔서 잘다녀온것같아요~,"호텔이 관광지와 가까워요
객실 뷰가 좋아요
즐길 거리가 다양해요
현지 음식이 맛있어요
가이드가 배려 깊고 세심해요"
5,wjd*****,가족여행으로 좋아요,20대,2024.09.21,가족들과 함께한 첫 해외여행이라서 기대 반 설렘 반 이였던 여행이였습니다. 걱정했던 것과는 달리 일정도 굉장히 볼거리가 많았고 가이드님이 너무 친철하시고 설명도 잘해주셔서 너무 재밌었던 여행입니다. 저희 부모님 두분도 가이드님 마음에 드시고 다음 패키지때에도 함께 하고싶다고 하실 정도로 만족하셨습니다 윤정희 가이드님 !!! 2박 3일동안 즐겁게 여행하게 해주셔서 감사합니댱 ~~,"호텔 부대시설이 좋아요
일정이 알차요
즐길 거리가 다양해요
가이드가 전문적이에요
가이드가 열정적이에요"
5,msh**,가족여행으로 좋아요,30대,2024.09.19,너무 좋고 행복한 여행이였습니더,"객실이 깨끗해요
호텔에서 쉬기 좋아요
일정이 알차요
현지 음식이 맛있어요
현지 음식이 다양해요"
5,npu*****,가족여행으로 좋아요,50대,2024.09.19,"이번 추석 연휴에 가족들과 함께 다녀온 여행은 윤정희가이드님 덕분에 즐겁고 알찬 여행이 되었어요~ 일본 오사카와 교토에 다녀왔는데 ‘걸어서 세계속으로’의 새로운 경험이었어요~ 차로 오고 가는 시간 동안 알기 쉬운 윤상의 세계사와 일본사, 문화, 경제, 정치등의 설명은 귀에 쏙쏙 들어왔어요~ 일본을 이해하는데 많은 도움이 되었어요~ 감사해요~ 일본의 자연과 하늘도 넘 아름다웠어요~ 몸도 마음도 새롭게 충전이 되는 최고의 여행이었어요!!!","가격이 합리적이에요
가이드가 전문적이에요
일정이 알차요
호텔이 시내에 있어요
가이드가 열정적이에요"
5,yjj****,친구모임으로 좋아요,30대,2024.09.19,"9월에 찾아온 무더위에 체력적으로는 너무 힘들었지만 장성란 가이드님 덕분에 너무 즐겁게 여행하고 왔습니다! 친절하신것 뿐만 아니라 정말 여행에서 궁금하거, 필요한 걸 세심하게 설명해주셔서 3박4일 일정내내 일본을 즐길 수 있었습니다. 패키지 또한 자유일정이 넉넉하게 있어서 친구랑 둘이 먹고 싶은 것도 마음껏 먹고 쇼핑도 즐길 수 있어서 너무 만족한 일정이었습니다!! 습도는 높고 더운 기온에 가이드님도 지치실법도 한데 긍정적인 에너지로 이끌어 주시니 한국 도착까지 너무 감사했습니다!! 다음에 꼭 기회가 된다면 또 하나투어에서 뵙...","호텔이 관광지와 가까워요
일정이 여유로워요
현지 음식이 맛있어요
가격이 합리적이에요
가이드가 열정적이에요"
5,88h***,가족여행으로 좋아요,40대,2024.09.18,"전체일정이 좋았고, 가이드가 세심하고 전문적이어서 좋았습니다.","호텔이 관광지와 가까워요
일정이 여유로워요
현지 음식이 맛있어요
가이드가 전문적이에요
가이드가 배려 깊고 세심해요"
5,che****,가족여행으로 좋아요,30대,2024.09.18,추석연휴동안 오사카로 가족여행 다녀왔습니다. 가이드분 친절하셨고 가는 곳곳 설명을 잘해주셔서 좋았습니다. 처음 부모님과 함께하는 해외여행이였는데 다음에 또 여행 가고 싶다고 하시네요^^ 저희 아빠가 일본에 궁금한 점이 있어서 질문했는데 지나치지 않고 정말 정말 성심껏 대답해주셔서 감사합니다. 문쿤의 여행 뭉클했습니다!!! 하나투어는 문쿤있어 좋겠다~~문쿤 언제나 어디서든 모든곳이 큔큔월드~~~ 행복하세요^^,"일정이 알차요
가이드가 전문적이에요
가이드가 열정적이에요
가이드가 배려 깊고 세심해요
가이드가 재밌어요"
5,jin*****,가족여행으로 좋아요,40대,2024.09.14,딸들과의 첫 일본여행!!! 걱정반 설레임반으로 처음 패키지여행 선택이였지만 이진하가이드님 덕분에 진짜 편안하게 놀다 왔습니다. 궁금했던거 한번에 해결해주시고 문의하면 바로바로 답변해주시고 생각지 못했던 부분은 미리 알고 따라락 안내해 주시고 이진하가이드님이랑 함께하면 일본 어디든 편안하게 갈수 있을거 같아요. 다음에도 딸들과 일본여행은 이진하가이드님과 함께 가려구요 벌써 검색중이네요^^ 저처럼 고민중인 분들 있으시다면 진짜 패키지 이진하가이드님과 함께해보세요!! 진짜 강추입니다!!!!,"객실이 깨끗해요
일정이 알차요
가격이 합리적이에요
가이드가 전문적이에요
가이드가 배려 깊고 세심해요"
5,wnw***,가족여행으로 좋아요,30대,2024.09.01,"오랜만에 가족여행이라 설렘을 갖고 알아보다 하나투어를 선택하게 되었는데 너무 잘한 선택이라고 생각되네요. 일본이라 자유여행으로 갈까도 싶었지만 5,60대인 부모님을 생각해 패키지로 했는데 아주 잘한 선택이었습니다. 저희 가족 구성원은 20대, 30대, 50대, 60대인데 이 패키지 구성은 모든 세대를 아우르고 만족할 수 있는 구성이라고 생각합니다. 저희는 패키지 구성을 통해서 일본에서 꼭 가야할 선사 등 관광명소를 체험할 수 있었고 자유여행을 통해 유니버셜을 가게되어 정말 알찬 여행을 보내고 왔습니다. 사실 제일 걱정이었던 부분이 ...","가이드가 전문적이에요
가이드가 열정적이에요
가이드가 배려 깊고 세심해요
가이드가 재밌어요"
5,kjy****,가족여행으로 좋아요,50대,2024.08.30,장경익 가이드님 덕분에 즐거운 여행 이었습니다 일본 역사와 문화 장소 때마다 설명해 주시니 풍성한 여행 이었고 재미도 더해 주셔서 다니는동안 즐거웠습니다~ 가이드님과 하나투어 최고입니다,"객실이 깨끗해요
일정이 알차요
현지 음식이 맛있어요
가격이 합리적이에요
가이드가 전문적이에요"
5,840**,가족여행으로 좋아요,40대,2024.08.29,"결론부터 말하자면 일본여행은 하나투어 송재혁가이드님과 가세요 아니 두번가세요 세번가세요 젋고 자상하고 트랜디한 일본여행을 원하신다면 자신있게 추천합니다. 엄마, 초등학교 4학년 조카, 이렇게 셋이 함께하는 자유일정이 섞인 첫 일본여행이라 설레임보다는 걱정이 많이 앞선 여행이였습니다. 교토일정까지는 가이드님이 함께해서 큰 걱정이 없었는데 당장 이틀째 저녁부터는 밥먹는거부터 다음날 일정까지 알아서 움직여야 했기에 파워P인 저에겐 정말 막막했죠 더군다나 저는 구글맵도 방향을 잘 못보는 이상한 병?을 가지고 있어서🙄 암튼 제가 안움...","호텔이 시내에 있어요
일정이 여유로워요
현지 음식이 다양해요
가격이 합리적이에요
가이드가 열정적이에요"
4,kem****,가족여행으로 좋아요,40대,2024.08.28,재미있게 잘 다녀왔어요 ㅎㅎ 날씨는 더웠지만요 가이드분 설명이 자세해서 좋았어요 ㅎ,"호텔이 시내에 있어요
가이드가 전문적이에요"
5,jes******,가족여행으로 좋아요,40대,2024.08.28,너무 너무 즐거운 여행이였습니다 하나투어에 감사합니다^^,"객실이 깨끗해요
일정이 알차요
현지 음식이 맛있어요
가격이 합리적이에요
가이드가 전문적이에요"
5,덕순이가제일이다,가족여행으로 좋아요,20대,2024.08.27,패키지에 빌런이 있었지만 나름 가이드님이 케어해주신 덕분에 여행을 잘 마무리할 수 있었습니다. 일정이 너무 알차서 호텔에 들어오면 바로 씻고 누워서 자도 피곤이 덜 풀리지만 하루하루 알찬 일정덕분에 돈 쓰길 잘했다는 생각이 들었습니다. 호텔 근처에 큰 편의점과 드럭스토어가 있어서 밤에 뭘 먹기 좋아서 덕분에 힘들었지만 살이 토실토실 쪄서 왔답니다:) 너무 더운 날씨에도 가이드님이 친절하게 설명해주시고 일본 역사에 대해서도 조금(?) 알거 같다는 느낌이 듭니다. 이색적인 분위기와 현지 덕분에 현생을 다시 재충전해서 잘 지낼 수 있을거...,"현지 음식이 맛있어요
식당이 청결해요
가격이 합리적이에요
가이드가 전문적이에요
가이드가 열정적이에요"
5,bsn****,친구모임으로 좋아요,40대,2024.08.19,안녕하세요 연일 뉴스 및 인터넷기사에서 일본 지진 경고로 여행을 취소할까 말까 걱정을 많이 했었는데요 김미림가이드님께서 오사카는 안전한 곳이라서 안심하셔도 된다고 하셔서 믿고 취소를 안했습니다 역쉬~~~ 취소했으면 큰일날뻔 했네요 여행내내 김미림가이드님께서 일본 역사 및 관광지에 관련 설명을 꼼꼼치 알려주시고 일정도 자세히 설명 체크해 주시고 멋찐 인생껏 사진도 일행 한사람 한사람 챙겨주시고 처음부터 끝까지 친절하게 안내해 주셔서 여행내내 즐겁고 행복한 시간이 되었습니다 다시 기회가 된다면 오사카 또 오고 싶네요,"객실이 깨끗해요
일정이 알차요
현지 음식이 맛있어요
가격이 합리적이에요
가이드가 전문적이에요"
5,hen******,가족여행으로 좋아요,40대,2024.08.19,사춘기 아들과 패키지여행 다녀왔는데 같은팀들 너무 좋으신분들과 돟으신 가이드분 함께 즐거운 여행이였습니다,"호텔이 관광지와 가까워요
호텔이 시내에 있어요
일정이 알차요
현지 음식이 맛있어요
가격이 합리적이에요"
5,pan****,가족여행으로 좋아요,20대,2024.08.18,힘든 날씨에도 좋은 구경을 할 수 있어서 좋았습니다. 특히 김금희 가이드님께서 버스 이동 중에도 지루하지 않게 투어 가는 곳에 대한 정보와 역사를 잘 설명해 주셔서 좋았습니다.,"호텔에서 쉬기 좋아요
객실이 깨끗해요
일정이 알차요
가이드가 전문적이에요
가이드가 열정적이에요"
2,eskong74,가족여행으로 좋아요,40대,2024.08.17,1. 가이드 1) 팀 전체를 아우르는 능력 부족 시간에 늦는 팀이 있으면 개별적으로 찾아가서 시간 준수 협조 부탁드린다고 이야기해도 될 것인데 팀전체 모아놓고 뭐라 한다. 내가 잘못 하지 않았어도 듣기 불편해지고 팀 분위기도 싸~ 해진다. 2) 가족단위 여행인데 팀별로 사진 한 장씩도 안 찍어준다. 오사카 성 보구 사진찍었더니 마지막 날이라고 맘대로 하실거냐구 소리높인다. 고객들 땡볕에 모아 놓고 인터넷에 있는 이야기 주저리 주저리 하는데 그거 안 들었다고 죄송합니다 하니 미팅시간 알려준다. 다른 가이드님들은 똑같은 상...,"호텔 부대시설이 좋아요
식당이 청결해요
현지 음식이 맛있어요"
5,sky********,가족여행으로 좋아요,40대,2024.08.15,저희는 7월11일 2박 3일 일정으로 딸아이와 단둘이 처음 가는 해외 여행으로 패키지를 이용하게되었습니다. 둘이만 가는지라 겁도 나고 언어도 미숙한 지라 고민 끝에 패키지를 선택하게 되었는데 정말 탁월한 선택였다고 생각이 들정도였습니다. 또한 중학생 아이 시험기간을 고려해서 가는지라 우기인철에가서 걱정이있었는데요 오히려 그래서 너무 덥지 않게 적당히 잘 다녀올수있었습니다. 우선은 저희는 유니버셜이 들어있는 패키지를 선택했고 유니버셜 안에서는 저희가 자유일정으로 소화하는 부분이었지만 충분히 가능한 부분이었습니다. 우기여서 그런지...,"호텔이 시내에 있어요
가이드가 전문적이에요
가이드가 배려 깊고 세심해요
객실이 깨끗해요
즐길 거리가 다양해요"
4,SYSTEMS,아동동반 여행으로 좋아요,40대,2024.08.15,자녀들과의 첫 일본 여행 이었는데 기대한만큼 좋은시간을 보냈습니다. 저에게는 첫 패키지여행이었고 선택하길 잘했다는 만족감이 들었습니다. 자녀들은 확실히 USJ를 제일 좋아하더라구요^^기사선생님도 친절하시고 이동이 편했구요 특히 강호준 가이드께서 일정안내 관광지설명을 잘해 주셔서 새로운 지식도 알게 되었고~여행중에 생기는 우여곡절상황들도 잘 도와주셔서 여행마무리까지 잘 할 수 있었습니다. 감사드립니다. 자녀들도 저도 또 다른 일본여행을 기다리게 되었어요! 하나투어 수고많으셨습니다 감사합니다.^^,"호텔이 관광지와 가까워요
일정이 여유로워요
현지 음식이 맛있어요
가격이 합리적이에요
가이드가 배려 깊고 세심해요"
4,26k****,가족여행으로 좋아요,40대,2024.08.14,처음으로 가는 일본 가족여행 패키지로 편하게 다녀와서 너무 좋았습니다.,"객실이 깨끗해요
일정이 알차요
현지 음식이 맛있어요
가격만큼 가치 있어요
가이드가 전문적이에요"
5,hfd******,가족여행으로 좋아요,50대,2024.08.13,사슴공원을 방문했는데 경치도 아름답고 사슴들을 가까이서 볼수있는 것이 참 신기했어요..전체적으로 주변 거리들이 깨끗해서 좋은 인상을 받았습니다.. 날씨가 더워서 힘들었는데 반면 땀 흘리고 난 뒤의 카타르시스라 그럴까 왜 힘들게 걸어서 관광지까지 가는지 알게 되었습니다.,"객실이 깨끗해요
일정이 알차요
식당 뷰가 좋아요
가격만큼 가치 있어요
가이드가 전문적이에요"
3,212****,나홀로 여행으로 좋아요,40대,2024.08.12,"무더운 날씨를 예상하고 갔으나 열정적인 투어 일정으로 생각보다 너~~~무 더워 힘들었습니다. 또한, 가는날 오는날 모두 항고긍기 지연으로 첫날 12시간 이상, 오는날 5시간 정도 공항에서 대기 했습니다. 하나투어 잘못은 아니나 가는날부터 일정이 꼬이고 다음날 도 일어나기 힘들어 고생을 했습니다. 여행사의 잘못은 아니였으나 무더운 여름 여행은 삼가하는게 좋을듯 합니다.","객실이 깨끗해요
호텔 부대시설이 좋아요
일정이 알차요
가격만큼 가치 있어요
가이드가 열정적이에요"
1,mi7***,나홀로 여행으로 좋아요,40대,2024.08.12,너무더워서 많이힘들었어요,"호텔이 시내에 있어요
현지 음식이 맛있어요
가이드가 전문적이에요
일정이 여유로워요"
5,you******,가족여행으로 좋아요,40대,2024.08.11,아들과 둘이 함께 하는 여행이였어요 날씨가 많이 더워서 조금 고생은 했지만 김미림 가이드님의 세심한배려와 지루하지 않은 유쾌한 설명덕분에 너무 재미있고 즐거운 여행이였네요 해외 여행이 많지 않아.. 어려운 부분이 있을까..걱정을 많이 했는데 시작부터 끝까지 꼼꼼하게 설명해 주시고 미리 알려주신 덕분에 어려움 없이 잊지 못할 추억이 될 여행을 보내고 왔어요 기회가 된다면 또 다시 김미림 가이드님과 함께 일본 다시 한번 가보고 싶어요!,"객실이 깨끗해요
일정이 알차요
가이드가 전문적이에요
가이드가 열정적이에요
가이드가 배려 깊고 세심해요"
5,kon*****,가족여행으로 좋아요,50대,2024.08.10,"여유롭고 편안했어요 호텔 조식도 맛있고, 가이드님이 세심하게 배려해 주시고 ... 여행이 즐거웠어요^^","호텔 부대시설이 좋아요
일정이 여유로워요
현지 음식이 다양해요
가격이 합리적이에요
가이드가 배려 깊고 세심해요"
5,kys******,가족여행으로 좋아요,50대,2024.08.10,"날씨는 더웠지만 이윤경가이드님의 배려와 꼼꼼함 , 자세한 설명 감동적이였습니다. 패키지 여행중에서 이윤경 가이드님이 최고입니다. 덕분에 즐거운 여행이였습니다. 짧은 여행이라서 아쉬움을 남기고 왔습니다","호텔이 시내에 있어요
일정이 알차요
현지 음식이 맛있어요
가격이 합리적이에요
가이드가 배려 깊고 세심해요"
5,mow***,친구모임으로 좋아요,40대,2024.08.07,윤정희 가이드님 2박3일 여행 잘 이끌어주셔서 넘 감사합니다 많은 정보 알아가고 알찬여행 만들어주셨어요. 호텔은 조용하고 좋았으나 욕실사이즈가 굉장히 작아요 음식은 제가 다 좋아하는거라 다양하진 않지만 굿굿. 날씨가 더워서 걷기가 무척 힘들더군요 중간에 가이드님께 약 추천받고 (약국에서 통역해주심) 진통제 발랐더니 훨씬 나아져서 저녁에 또 한통 사러갔다는요. 어쩌다 일본에 가게 되었는데 다음에도 또 가보려고 합니다 이번여행은 다른분들이 후기에 쓴 것처럼 가볼만한 여행이었습니다 추천합니다,"호텔에서 쉬기 좋아요
일정이 알차요
즐길 거리가 다양해요
현지 음식이 맛있어요
식당이 청결해요"
5,lo5******,가족여행으로 좋아요,50대,2024.08.04,늦은후기지만 저희가족 첫해외여행 감사했습니다,"객실이 깨끗해요
호텔이 시내에 있어요
일정이 알차요
현지 음식이 맛있어요
가이드가 전문적이에요"
5,aul****,가족여행으로 좋아요,50대,2024.08.02,가족여행으로 갔는데 2박3일이라 조금 빡빡하긴 했는데 일정이 알차고 가이드님도 잘 이끌어주셔서 기억에 남는 여행이었습니다. 날씨도 좋았고 무사히 잘다녀왔습니다,"즐길 거리가 다양해요
가격이 합리적이에요
가이드가 열정적이에요"
1,soo*******,가족여행으로 좋아요,20대,2024.07.31,오사카 교토 3박 4일 일정 인솔해주신 박재진 가이드님 정말 엄마와가족여행으로 갔다가 너무 실망하고 돌아왔습니다. 폭염과 겹쳐 모두 돌아다녀야하는 일정이라 지쳤지만 그래도 불만없이 따라 다녔습니다만.. 이동중에 뭐 설명도 크게 안해주시고 이동하고 별 설명도 없이 자유시간주시고 사라져버림. 식사도 뭐 음식에 대한 설명이나 어떻게 먹으면 좋은지 그런거 없이 룸에 넣어주고 몇시까지 모이란 말만하고 가버리기 급급;; 숙소가서도 숙소방침이나 전자레인지 같은거 설명 없어서 당황했는데 따로 안내문이 붙어있는거보고 찾아서 알아냈네요. ...,
5,khj*****,가족여행으로 좋아요,50대,2024.07.31,"후기가 너무 늦었네요 2023.08.05(토) ~ 2023.08.08(화) 오사카 패키지 여행 중 만난 일행들도 너무 좋았고 무엇보다도 노쇼핑 상품이라 부담도 안되고 가이드님 김태수님의 전문적인 지식과 자세한 설명도 좋았고 썬크림과 초콜릿 양갱이 품질이 좋고 가이드님이 직접 사서 쓰시는 거라 더 믿음이 가더라고요 썬크림은 지금도 사용중입니다 눈이 안따가와 좋아요 그리고 여름방학 기간이라 그늘 하나 없는 폭염에도 하루 1,5천보씩 걸으며 땀나고 오히려 힐링되는 느낌 많은 곳을 보고 많은 것을 경헙했습니다. 일본에는 교회가 많이 없다는...","호텔이 시내에 있어요
일정이 알차요
식당이 청결해요
가격이 합리적이에요
가이드가 전문적이에요"
4,alt******,가족여행으로 좋아요,40대,2024.07.29,"너무 더웠지만 알차고 음식도 맛있고 전체적으로 좋았어요 호텔도 관광지랑 가까워서 다니기 좋았어요 조식도 깔끔하고 맛있었어요 다이소,편의점털이 열심히 하고 왔어요 가이드분 세심하셔서 덕분에 편했어요 다음에 시원할때 또 가고싶어요","호텔이 관광지와 가까워요
일정이 알차요
식당이 청결해요
가격이 합리적이에요
가이드가 배려 깊고 세심해요"
5,sbs*****,가족여행으로 좋아요,50대,2024.07.27,박성숙 가이드님! 너무 너무 수고하셨고 더운날씨에 투어하고 차타면 너무 지치던데 가이드님 쉬지도 않으시고 계속 재미있는 일본 이야기 많이 해주셔서 이동 시간 지루할 틈도 없이 너무 재밌었어요. 마지막날 린쿠아울렛에서 우리 딸들이 길 잃어서 일본 미아될뻔 했는데 가이드님이 찾아주셔서 정말 눈물나게 감사했습니다 흑흑... 열정 넘치시는 가이드님 보면서 더 열심히 살아야겠다는 생각했고요 정말 감사했습니다~^^항상 건강하세요 일본 여행 또 계획해 보겠습니다!!!,"가격이 합리적이에요
가이드가 열정적이에요
가이드가 배려 깊고 세심해요
가이드가 재밌어요
일정이 알차요"
5,peo******,가족여행으로 좋아요,30대,2024.07.26,"패키지 여행은 처음이었는데 하나투어를 선택한 건 정말 후회없는 선택이었습니다. 휴가기간에 정말 좋은 추억을 쌓고 온 일본여행이었습니다. 제공되었던 음식들이 정말 맛있었어요. 또, 숙소가 시내와의 거리가 가까워서 먹을거리도 많고 편리했습니다. 무엇보다 가이드님 덕분에 더 즐길 수 있었던 여행이었어요. 강영아 가이드님~ 여행의 시작 첫단추부터 친절한 설명, 그리고 여행을 다니며 말씀해주신 일본에 대한 이야기들은 유익하고 즐거운 시간이었습니다. 다음엔 겨울 일본여행을 떠나고 싶은데, 그때도 하나투어를 선택하고 싶을정도로 좋았습니다. ...","일정이 여유로워요
호텔이 시내에 있어요
현지 음식이 맛있어요
가격만큼 가치 있어요
가이드가 열정적이에요"
4,hol****,가족여행으로 좋아요,40대,2024.07.25,"안윤경 가이드님, 더운 날씨와 여행객들 신경쓰시느라 고생하셨습니다. 덕분에 일본에 대해 좀더 알게 되었고 좋은 추억 생겼습니다. 좋은 일만 가득하시길..","객실이 깨끗해요
호텔이 관광지와 가까워요
호텔이 시내에 있어요
호텔에서 쉬기 좋아요
일정이 알차요"
5,orc****,가족여행으로 좋아요,60대,2024.07.24,여름이라 날씨때문에 걱정했는데 비도 많이 안오고 덥지 않아서 재밌게 여행했어요 가이드와 기사님도 친절하시고 동반여행객분들 에티켓 잘 지켜서 좋았습니다,"호텔 부대시설이 좋아요
일정이 여유로워요
현지 음식이 맛있어요
가격이 합리적이에요
가이드가 전문적이에요"
5,lyjbch2003,가족여행으로 좋아요,50대,2024.07.23,비가 오는데도 열심히 다니시면서 설명해 주시는데 넘 감사했어요 그리고 가는곳마다 시간을 여유롭게 쓰도록 신경써 주신것도 만족합니다 그래서 여유롭게 오사카를 잘 다녀왔어요,"객실이 깨끗해요
일정이 여유로워요
식당이 청결해요
가격이 합리적이에요
가이드가 배려 깊고 세심해요"
5,ehd******,가족여행으로 좋아요,30대,2024.07.20,백영민 가이드님 그 더운날 가이드 해주시느라고 고생하셨습니다~~~ 그냥 뭐 깔끔하게 잘 이끌어주셨어요! 친절하시고 편안하게 잘 있다왔어요~~~ 다음번에도 기회가 된다면 다시한번 만나뵙고싶어요~~ 덕분이 가족여행 잘 다녀왔어요~~~~,"호텔이 관광지와 가까워요
호텔이 시내에 있어요
일정이 알차요
현지 음식이 다양해요
가이드가 배려 깊고 세심해요"
5,sd0****,나홀로 여행으로 좋아요,40대,2024.07.19,윤정희 가이드님 정말 잘 챙겨주시네요.. 일본에서 생활하셨다하던데 설명도 잘해주시고요 인솔 하는데 문제없이 통솔 해주셨네요 정말 감사드립니다.^^덕분에 즐거운 여행과 추억을 가져갑니다.. ^^ 다시한번 감사드립니다..,"호텔에서 쉬기 좋아요
일정이 알차요
현지 음식이 맛있어요
가이드가 전문적이에요
가이드가 배려 깊고 세심해요"
5,ess****,기타,40대,2024.07.18,가이드님 친절하시고 알찬여행이었습니다,"호텔이 시내에 있어요
일정이 알차요
식당이 청결해요
가격이 합리적이에요
가이드가 전문적이에요"
5,caf*****,가족여행으로 좋아요,40대,2024.07.17,"코로나 이후로 외국 여행을 끊고 살다가 큰 맘 먹고 그 동안 가고 싶은 일본 여행을 계획하게 되었습니다. 아무것도 모르는 상황에서 유튜브 보면서 공부하고, 다른 사람들 후기 보면서 걱정만 기대반으로 준비하였습니다. 하지만 인천공항에서 김해경 가이드님을 만났고... 저희 입국확인서까지 손수 준비해주신 모습에 깜짝 놀랐습니다. 설레는 맘으로 간 일본여행은 일정은 너무 촉박하지 않고 알찼고, 패키지 여행이 끝난 저녁시간에는 가족들과 자유롭게 돌아다니면서 이자카야에서 시원한 맥주도 마셨습니다. 2일차에 금각사에 갔을 때 갑작스럽게 폭우가...","호텔이 시내에 있어요
일정이 알차요
현지 음식이 다양해요
가격이 합리적이에요
가이드가 배려 깊고 세심해요"
5,eye********,친구모임으로 좋아요,40대,2024.07.17,가이드님 정말 감사합니다 일본은 처음이었는데 정말 잘 보내고왔습니다 감사합니다 건강하세요,"호텔에서 쉬기 좋아요
일정이 알차요
현지 음식이 맛있어요
가격이 합리적이에요
가이드가 전문적이에요"
5,푸바오사랑해,가족여행으로 좋아요,30대,2024.07.15,2박3일동안 꽉찬 일정 보냈습니다. 날짜가 날짜인지라 너무 더웠는데 패키지 여행이라 버스타고 시원하게 다녀서 정말 좋았습니다. 그리고 윤정희 가이드님 햇빛 알러지로 고생하던 저희 엄마 약 살수 있게 도와주셔서 정말 감사합니다!,"객실이 깨끗해요
일정이 알차요
식당이 청결해요
가격이 합리적이에요
가이드가 전문적이에요"
5,aza*****,가족여행으로 좋아요,30대,2024.07.14,"부모님과 함께갔던 여행입니다. 오사카-교토를 전반적으로 돌아볼 수 있어서 좋았습니다. 날씨도 너무 좋았어서 즐거운 여행 했습니다. 가족여행에 특별히 좋은 패키지 였던 것 같아요. 호텔도 깔끔하고 특히 호텔 조식이 정말 훌륭해요! 김해경 가이드님! 어머니가 다음 여행에서도 또 만나고 싶다 하실 만큼 정말 감사했습니다. 단체사진도 잘 찍어주시고 역사,사회적으로 일본의 전반적인 설명해주셔서 더더욱 즐겁게 여행할수 있었지 않았나 싶습니다. 덕분에 안전하고 기억에 남는 여행 했습니다 :)","객실이 깨끗해요
일정이 알차요
현지 음식이 다양해요
가격이 합리적이에요
가이드가 배려 깊고 세심해요"
5,han*****,기타,50대,2024.07.12,7/8~7/10일 4일전에 불편한 다리로 여행다녀왔는데 짧은기간이었는데도 2박3일동안 항상 밝은 모습으로 마지막 인천에 도착할 때 까지 끝까지 챙겨주신 모습에 많이 감동했습니다 다음에 또 뵙고싶을 정도로 많이 고마웠고 감사했습니다 김미림 가이드님!! 아쉬운점이 있다면 저희 호텔주변에 쇼핑몰 센터 같은 곳도 가고싶었는데 좀 문을 일찍 닫아서 갈수 없던것이 조금 아쉬웠습니다 그래도 일정 부분에서는 타이트 하지 않고 여유로워서 저희 가족 다 만족했던거 같습니다 또 하나의 좋은 추억 만들수 있어서 좋았습니다!,"호텔이 시내에 있어요
일정이 여유로워요
현지 음식이 맛있어요
가이드가 배려 깊고 세심해요
가이드가 재밌어요"
4,bok***,가족여행으로 좋아요,60대,2024.07.09,적당히 즐길수 있었고 음식도 좋았어요,"호텔이 관광지와 가까워요
호텔에서 쉬기 좋아요
일정이 알차요
현지 음식이 맛있어요
가격만큼 가치 있어요"
4,hap********,가족여행으로 좋아요,40대,2024.07.08,정말 맛있게 잘먹었습니다 한가지 아쉬운 점이 있다면 가이드가 넘 약 파는 가이드 같았다는점ㅡㅡ 첨엔 필요하다고 느꼈는데 나중엔 오히려 넘 강조하시니 거부감이 들더라구오ㅡ,"즐길 거리가 다양해요
현지 음식이 맛있어요
가격만큼 가치 있어요
가이드가 열정적이에요
가이드가 재밌어요"
5,heo******,가족여행으로 좋아요,50대,2024.07.07,"결혼 25주년 기념 일본여행에서 ""윤정희 가이드님""이 가족같이 챙겨주시고, 버스안에서 일본역사까지 잘 설명해 주시는 등 여행내내 지루하지 않았습니다... 여행객들이 불편함이 없도록 세심하게 살피는 윤정희가이드님이 계시기 때문에 우리가족은 앞으로 하나투어를 계속 이용하고 싶네요 ^^","호텔 부대시설이 좋아요
일정이 알차요
현지 음식이 맛있어요
가이드가 전문적이에요
가이드가 열정적이에요"
5,dla*****,가족여행으로 좋아요,50대,2024.07.07,열정적인 김수정 가이드님과 함께 즐거운 가족 여행이었습니다.,"호텔에서 쉬기 좋아요
일정이 알차요
현지 음식이 맛있어요
가격이 합리적이에요
가이드가 열정적이에요"
5,rjckd5353,가족여행으로 좋아요,40대,2024.07.07,첫일본여행이였는데~부담없이즐거운여행이였습니더~,"일정이 여유로워요
현지 음식이 맛있어요
객실이 깨끗해요
가격이 합리적이에요
가이드가 배려 깊고 세심해요"
4,lky***,가족여행으로 좋아요,50대,2024.07.06,가족여행으로 알차요 가이드님 목 놓아 들려주시는 방문 관광지와 연관된 역사공부도 좋았어요^^ 친절하게 안내해주시고 챙겨주셔서 딸과의 좋은추억 안전하게 즐겁게 잘 보내고 왔어요 하나투어 추천해드릴께요 예쁘고 멋진 가이드님도요^^,"호텔이 시내에 있어요
일정이 여유로워요
식당이 청결해요
가격만큼 가치 있어요
가이드가 전문적이에요"
4,kor******,친구모임으로 좋아요,30대,2024.07.06,합리적인 여행가격에 자유여행일정도 있어서 좋았습니다. 특히 김동욱 가이드님의 부연 설명이 곁들여진 여행이어서 이번 일본 여행이 매우 만족스러웠네요. 다음에도 비슷한 일정 나오면 다시또 가고 싶네요,"호텔이 관광지와 가까워요
호텔이 시내에 있어요
일정이 알차요
가격이 합리적이에요
가이드가 배려 깊고 세심해요"
5,wjd*******,가족여행으로 좋아요,20대,2024.07.06,"첫 해외여행, 엄마와 첫 여행, 첫 패키지여행 너무 완벽했습니다. 엄마랑 행복한 시간 보냈어요. 자유시간도 많이 포함되어 있는 패키지여서 휴식도 취하고 편하게 즐기면서 다닐 수 있는 여행이었어요. 무엇보다도 가이드님께서 너무 잘 알려주셔서 의미 생각하면서 구경하니까 더욱 재밌었습니다. 가이드님께서 설명해 주시지 않았으면 왜 석상에 턱받이가 씌워져있는지, 왜 지진 현장을 그대로 보존하는지 등을 모른채 지나쳤을거에요. 모든 곳에서 여행객들을 먼저 생각해주시고 조금이라도 더 편하게 더 즐겁게 여행을 보낼 수 있도록 생각해주심에...","호텔이 관광지와 가까워요
객실이 깨끗해요
호텔이 시내에 있어요
일정이 알차요
가이드가 배려 깊고 세심해요"
5,h.j*******,가족여행으로 좋아요,10대,2024.07.04,"남궁란 가이드님께서 오사카, 교토의 역사랑 관강지들에 대해 열심히 설명해주시고 챙겨주시는 덕분에 어머니랑 좋은 시간 보냈어요~ 첫 일본 여행이었는만큼 행복하고 즐거운 경험이었어요!!","객실이 깨끗해요
일정이 알차요
현지 음식이 다양해요
가격만큼 가치 있어요
가이드가 열정적이에요"
4,toh***,친구모임으로 좋아요,30대,2024.07.02,정경선가이드님 감사합니다. 덕분에 좋은추억 만들었습니다.,"호텔이 시내에 있어요
일정이 여유로워요
현지 음식이 맛있어요
가이드가 전문적이에요
가이드가 배려 깊고 세심해요"
5,nem******,가족여행으로 좋아요,20대,2024.07.02,"엄마가 평소에 가고 싶다고 하던 오사카여행을 고민하던 중 선택하게 된 패키지 입니다. 패키지는 처음이라 문제 생길까 걱정도 많았지만 미팅날 가이드님의 꼼꼼한 설명 덕분에 무사히 입국할 수 있었습니다. 여행 동안 나라, 오사카, 쿄토의 정경과 먹을거리를 충분히 즐길 수 있어서 너무 좋았고 가이드님 덕분에 엄마가 너무 즐거웠다고 하시네요. 다음에 또 하나투어를 통해 여행을 떠나고 싶습니다.","호텔에서 쉬기 좋아요
일정이 알차요
가격이 합리적이에요
가이드가 열정적이에요
가이드가 전문적이에요"
5,miz*****,가족여행으로 좋아요,40대,2024.06.30,아이들이 일본을 가고싶다해서 잡은 일정이였는데 결론은 어른이 저희도 너무좋았어요 일본이란 나라가 궁금해졌고 또 다시 가고싶다는 생각이 들었네요. 아이가 아파서 예상치 못한 변수가 생겨 가이드님에게 물어보았을때 잘 대응해 주셔서 감사했어요. 강호준가이드님~ 덕분에 즐거운 여행되었어요! 감사했어요~~~!,"가격이 합리적이에요
가이드가 열정적이에요
가이드가 배려 깊고 세심해요
가이드가 재밌어요
가이드가 전문적이에요"
5,hap***,친구모임으로 좋아요,40대,2024.06.29,여행내내 가이드님의 따뜻한 마음을 느낄수 있는 좋은 여행이었습니다. 특기 상품인데 비해 호텔도 넛우 좋았어요. 할인상품이어서인지 식사는 너~무 별로였어요. 자유시간때마다 맥도날드에서 감자튀김과 쉐이크 흡입했어요. 그래도 가이드님께서 24시간 너무도 따뜻하게 챙겨주셔서 행복한 여행이었습니다. 가이드님만 믿고가도 되는 여행이었어요. 다시한번 감사합니다^^,"객실이 깨끗해요
가이드가 배려 깊고 세심해요"
5,비아토르,나홀로 여행으로 좋아요,50대,2024.06.29,"다시 만난 김태년 가이드님 덕분에 이번 여행도 즐거웠습니다 역사 공부도 하고 다양한 얘깃거리들, 정말 기분 좋은 여행이었습니다 이런 우연이 또 있을지 모르겠지만, 다음에 다시 일본을 간다면 김태년 가이드님 또 만나고 싶어요 감사했습니다 ^^","객실이 깨끗해요
호텔이 시내에 있어요
일정이 알차요
현지 음식이 맛있어요
가격만큼 가치 있어요"
4,tom*******,친구모임으로 좋아요,60대,2024.06.28,날씨가 도와주어야 즐거운 여행이 되는데 그러하지는 못했네요,"객실이 깨끗해요
객실 뷰가 좋아요
일정이 여유로워요
식당이 청결해요
가이드가 배려 깊고 세심해요"
5,hoo********,가족여행으로 좋아요,50대,2024.06.27,오사카 패키지 3박 4일 다녀왔습니다. 일정도 너무 재밌었고 6월임에도 많이 더웠지만 일정대로 문제없이 다녔어요. 윤영환 가이드님께서 너무 친절하셨어요. 패키지에 어르신분들이 계셨는데 세심하게 챙기시는 모습이 인상적이었어요. 가는곳마다 설명도 잘해주셔서 역사와 문화유산에 대한 배경을 들으면서 보니 더 좋았어요.,"호텔 부대시설이 좋아요
일정이 알차요
가이드가 전문적이에요
가이드가 배려 깊고 세심해요"
5,lbswind,가족여행으로 좋아요,60대,2024.06.26,김보성 가이드님의 친절하고 세심한 배려와 남다른 지식에 한층 더 흥미롭고 즐거운 여행이었습니다. 항상 밝은 미소~ 성심성의를 다하시는 핸드 와이퍼 김보성 가이드님~~👏👏👏,"호텔이 시내에 있어요
일정이 알차요
현지 음식이 맛있어요
가격만큼 가치 있어요
가이드가 재밌어요"
5,jos****,친구모임으로 좋아요,20대,2024.06.24,"정말 가이드와 여행자들과 잊지 못할 추억과 정을 만들며 휘회하지 않을 선택을 했습니다. 효근 가이드님이 정말 에너지 넘치고, 유머스럽고 재미있었어요. 가이드님이 배려가 넘쳐서 센스있게 더위를 대비해 물과 마실껏도 챙겨주고 가리드와 여행자들에게 정들어 버렸네요. 하루 일정 마치고 호텔에 편히 쉬면서 다음 날 준비도 도움이 좋았어요. 여행하기전에 다른 사람한테 오사카, 나라, 교베 여행패키지에 조언하자면. 사람마다 다르지만 일정이 타이트 해서 여행하기전에 최력 관리하는거 조언해드립니다","가이드가 배려 깊고 세심해요
가이드가 재밌어요
호텔이 시내에 있어요
일정이 알차요
현지 음식이 맛있어요"
5,gto**,가족여행으로 좋아요,30대,2024.06.24,"엄마 혼자 아이 2명 데리고 일본여행을 어떻게 갈까 고민하다가 여행사를 통해 가게됐는데 결과는 대만족이었습니다. 일단 지하철타고 이리저리 다니지 않아도 돼서 너무 편했어요. 기사님이 정말 친절하시고, 더운 날씨에도 에어컨 빵빵하게 틀고 이동하니까 하나도 힘들지 않았습니다. 이지수가이드님이 여행 내내 인솔해주셨는데 가는곳마다 자세하고 재밌는 설명을 해주셔서 이해가 잘 되었고, 팀원들 세심하게 챙겨주셨어요. 식사도 맛있는 곳으로 준비해주셔서 저희 가족은 너무 맛있게 먹은 기억밖에 없네요^^ 자유시간도 주셨는데 근처 맛집들도 조사해서 자...","즐길 거리가 다양해요
호텔이 시내에 있어요
현지 음식이 다양해요
가격만큼 가치 있어요
가이드가 배려 깊고 세심해요"
4,can****,커플여행으로 좋아요,50대,2024.06.24,즐거운 여행이었습니다.,"호텔 부대시설이 좋아요
일정이 알차요
현지 음식이 맛있어요
가격이 합리적이에요
가이드가 배려 깊고 세심해요"
5,eun*****,기타,50대,2024.06.23,처음으로 가본 일본여행 좋아요 음식도 좋고 숙소도 좋고,"객실이 깨끗해요
일정이 알차요
현지 음식이 맛있어요
가격이 합리적이에요
가이드가 전문적이에요"
5,din******,친구모임으로 좋아요,30대,2024.06.23,가이드님 덕분에 오사카 - 교토 - 고베 여행 잘 했어요^^ 한분 한분 안 보이면 연락해주시고 챙겨 주셔서 감사했어요,"객실이 깨끗해요
일정이 여유로워요
가격이 합리적이에요
현지 음식이 다양해요
가이드가 열정적이에요"
5,아러푸루후,아동동반 여행으로 좋아요,40대,2024.06.23,"가이드님이 자유시간도 많이 주시고, 관광지마다 그 도시의 역사에 대해 설명도 자세히 해 주셨어요. 아이와 같이 갔었는데 일정도 알차고 숙소도 시내근처라 도보로 신사이바시 , 도톤보리도 가고요, 쇼핑에 먹거리에 너무 즐거웠습니다. 전에 한번 타여행사를 통해서 대만에 갔었는데 정말 최악이었거든요. 하나투어가 왜 여행사 1위인지 알겠어요.","일정이 알차요
현지 음식이 맛있어요
식당이 청결해요
호텔이 시내에 있어요
가격이 합리적이에요"
5,hye******,가족여행으로 좋아요,50대,2024.06.21,여유롭고 세심히 챙겨주는 가이드님에 감사 했습니다.,"호텔이 시내에 있어요
일정이 여유로워요
식당이 청결해요
가격이 합리적이에요
가이드가 배려 깊고 세심해요"
5,eli*********,가족여행으로 좋아요,50대,2024.06.21,정현숙 가이드님 2박 3일 동안 감사 드립니다 좀 이른 휴가로 부부둘이서 가볍게 다녀오려고 했는데 생각 이상 으로 알차고 재미있었어요 그리고 가이드님 피곤 하실텐데도 여행일정 끝나고도 어르신들 대욕장 안에서 도 챙겨 주시고 무뚝뚝한 저희 남편도 가이드님 엄청 친절 하시다고 좋아 하네요 너무 멋진 오사카 추억 만들어 주셔서 감사합니다,"객실이 깨끗해요
일정이 알차요
식당이 청결해요
현지 음식이 맛있어요
가이드가 열정적이에요"
3,jkh****,커플여행으로 좋아요,60대,2024.06.15,가이드가 세심하고 전문성이 있으며 편안했어요. 가이드님께 넘 감사드립니다,"호텔이 관광지와 가까워요
호텔이 시내에 있어요
일정이 알차요
식당이 청결해요
가격만큼 가치 있어요"
5,반한별,나홀로 여행으로 좋아요,50대,2024.06.12,저한테 맞는 여행을 발견한 소중한 시간이었어요. 패키지지만 혼자라서 걱정했는데 오히려 혼자여서 정말 좋았어요. 여행을 온전히 즐기면서 안전하니 더할나위없죠. 다음에 또 하나투어와 함께하고 싶어요. 감사합니다~^^,"일정이 알차요
가격만큼 가치 있어요
가이드가 배려 깊고 세심해요
객실이 깨끗해요"
5,ramses50,가족여행으로 좋아요,50대,2024.06.12,좋은 경험이었어요 가족과 함께 즐거운 시간 보내서 좋았고 박혜선가이드 호탕하며 친절하게 잘 안내해 주어서 불편함 없이 잘 즐기다 왔습니다,"객실이 깨끗해요
일정이 여유로워요
현지 음식이 맛있어요
가격만큼 가치 있어요
가이드가 전문적이에요"
5,hiloo79,기타,40대,2024.06.12,우선 저는 호텔에 대욕탕이 있어서 휴식을 취할수있어서 좋았고 많은곳을 둘러볼수있는 여행이되어 좋았다 하지만 시간적여유가 많지는않으므로 다음에 다시 시간을 내어 일본에 재방문해야겠습니다 여러가지면에서 만족스러운 여행이 되었네요,"호텔 부대시설이 좋아요
일정이 알차요
현지 음식이 맛있어요
가격만큼 가치 있어요
가이드가 열정적이에요"
5,pyk****,가족여행으로 좋아요,40대,2024.06.10,"출발전에는 3일 일정이 조금 짧게 느껴졌는데, 다양한 일정이 잘 반영된 투어여서 충분하다고 느껴졌습니다. 오사카와 교토의 다양한 문화와 관광지에 대한 설명, 그리고 세심한 배려를 느낄 수 있게 해준 '김범준'가이드님께 감사드립니다. 항상 웃는 얼굴로 요구사항도 잘 들어주시고, 최대한 많은 부분을 볼 수 있게 해주려고 노력해 주셨습니다. 오사카의 소비알 호텔도 조금 좁다고 느껴질 수 있지만 위치가 좋고, 관리가 잘 되는 곳이었습니다. 일정에 포함된 식당들의 경우 청결상태는 아주 좋았고, 흔히 접할 수 있는 식사가 아닌 현지식이 색다른...","호텔이 시내에 있어요
일정이 알차요
식당이 청결해요
가격이 합리적이에요
가이드가 배려 깊고 세심해요"
5,미드라이프,아동동반 여행으로 좋아요,50대,2024.06.09,편안하고 즐거운 여행,"호텔이 관광지와 가까워요
일정이 여유로워요
현지 음식이 맛있어요
가격이 합리적이에요
가이드가 전문적이에요"
5,cat****,가족여행으로 좋아요,30대,2024.06.08,일본은 처음 가보는 여행이었는데 가이드분께서 정말 재미있게 설명해주시고 해서 다음에 또 가고 싶습니다 유명 관광지는 다 간 듯 일정도 알찼습니다 혼자왔는데도 재미있게 지냈습니다ㅎㅎ,"호텔이 시내에 있어요
일정이 알차요
현지 음식이 맛있어요
가격이 합리적이에요
가이드가 재밌어요"
5,coo*******,가족여행으로 좋아요,40대,2024.06.06,너무 더운날 다녀와서 조금 고생은 하였으나 친절한 가이드님 덕분에 딸아이와 행복한 여행 하였습니다~ 다음 가을쯤 다시한번 다녀오고 싶어요,"객실이 깨끗해요
호텔이 관광지와 가까워요
호텔이 시내에 있어요
호텔에서 쉬기 좋아요
일정이 알차요"
4,zmh****,가족여행으로 좋아요,40대,2024.06.06,알찬 여행 넘좋았어요~~애들이 좀 힘들어하지만~ㅋㅋ넘즐거워하는 모습이 잘 선택한 상품이구나 했어요 가이드님두 넘 열정적으로 많은걸 설명해주고 싶어하는 가이님 넘 감사드려요,"객실이 깨끗해요
일정이 알차요
현지 음식이 맛있어요
가격이 합리적이에요
가이드가 전문적이에요"
5,으애엥ㅇ,친구모임으로 좋아요,20대,2024.06.04,가이드님이 너무 친절하시고 좋았어요! 버스 중간중간 설명해주시는 것도 재미있고 유익했어요ㅋㅋ 둘째날이 자유일정(유니버설)이라서 더 좋았어요! 정말 추천추천 알뜰하고 야무지게 다녀왔네요~,"가격이 합리적이에요
가이드가 배려 깊고 세심해요
일정이 알차요
호텔에서 쉬기 좋아요
현지 음식이 맛있어요"
3,jul******,커플여행으로 좋아요,60대,2024.06.03,"일본여행 3번째이고 코로나 시기가 끝난후 5년만에 가는 해외여행이라 큰기대를 가지고 출발했었다. 오사카 도톤보리 .항구도시고베. 일본역사의 옛수도.교토. 얼마나 설레는 지역인가^^ 물가도 많이올라 만만찮은 경비를 지불했고... 가이드.-전문적이고 일본역사.관광지 정보 모든면에서박식해서 좋았다. 패키지여행 특성상 시간에 쫒겨 여행의 질적관광은 기대하지않았던터라 그런면에선 그러려니했다. 그러나 3박4일내내 방문한 일본신사. 절. 이부분은짚고 넘어갈 필요가 있다고본다. 애초 패키지 일정에 ""환상적인 대나무숲"" 이라던가...","호텔이 관광지와 가까워요
일정이 알차요
현지 음식이 다양해요
가격이 합리적이에요
가이드가 전문적이에요"
4,inl******,아동동반 여행으로 좋아요,40대,2024.06.02,"가격, 여행 코스, 호텔 만족합니다. 가이드가 별로였던점 때문에 별4개. 가이드가 손님에 대한 예의가 부족하고, 버스에서 안내 목소리나 말투가 시끄럽고. 소통이 잘 안됨..","객실이 깨끗해요
호텔이 시내에 있어요
일정이 알차요
가격이 합리적이에요"
5,kyn*****,가족여행으로 좋아요,30대,2024.06.02,오사카 교토 고베 하나투어로 한 패키지 여행!! 2박 3일동안 알차게 보냈습니다. 가격대비 많이 보고 올 수 있어서 너무 좋았어요. 기념품은 재지말고 시고 싶으신거 있음 그 자리에서 사세요. 즐거운 일본 여행이었어요^^,"객실이 깨끗해요
일정이 알차요
현지 음식이 맛있어요
가격이 합리적이에요
가이드가 전문적이에요"
5,joa*******,가족여행으로 좋아요,30대,2024.06.01,"삼남매를 데리고 처음해외여행을 하나투어로 진행하게되엇는데요, 너무나 만족스러운 여행이였어요 꽉찬 일정이엿지만 많이걷는편도 아니였고 음식도 여러가지 제공 되엇으며 숙소도 크고 버스도커서 편하게 여행을 즐기수있어 모든면에서 맘에 들엇어요~ 가이드님의 세심한 부분도 너무 감사햇어요 여기저기 설명도 잘해주시구! 다음여행도 하나투어로~ 잡을생각인데 벌써부터 기대가 되네요^^","객실이 깨끗해요
일정이 알차요
현지 음식이 다양해요
가격이 합리적이에요
가이드가 배려 깊고 세심해요"
5,jsu*****,가족여행으로 좋아요,50대,2024.06.01,김정숙가이드님 덕분에 오사카여행 잘 다녀왔습니다. 호텔도 너무 깨끗하고 조용했습니다.. 다른 여행사에 비해 가격도 싸고 알찬여행이였습니다. 다음에도 또 하나투어로 가고 싶습니다.,"객실이 깨끗해요
일정이 알차요
가격이 합리적이에요
가이드가 전문적이에요
가이드가 배려 깊고 세심해요"
5,rnf***,가족여행으로 좋아요,40대,2024.05.31,부모님과 함께 한 여행인데 너무 좋았습니다. 최난경 가이드님이 친절하고 즐겁게 여행 할수 있도록 잘 도와주시고 여행중 재밌고 이해가 잘 가도록 일본 역사 이야기를 해주셔서 더욱 알찬 여행이 되었습니다.,"호텔이 시내에 있어요
가이드가 전문적이에요
가이드가 배려 깊고 세심해요
일정이 알차요"
5,man***,가족여행으로 좋아요,40대,2024.05.30,가이드님이 재미있으시고 너무 열정적이었어요. 여행 즐거웠습니다.,"일정이 여유로워요
현지 음식이 맛있어요
가이드가 열정적이에요
가격만큼 가치 있어요
호텔에서 쉬기 좋아요"
4,ss0*****,가족여행으로 좋아요,40대,2024.05.29,짧았지만 자유식 일정이 두번 있어서 자유시간으로 쓸수 있어서 정말 다행이었어요 (애들 다이소랑 세리아쇼핑하느라)호텔오사카플라자 앞에 돈키호테가 바로 있어서 따로 시내나가지않고도 밤마다 걸어가서 쇼핑했구요 숙소앞에 오꼬노모야끼도 맛있었어요 자유일정이 더 많았으면 좋았겠지만 워낙 짧게 갔으니 감안해야겠죠 감사합니다 숙소뷰사진올립니다,"호텔에서 쉬기 좋아요
일정이 여유로워요
현지 음식이 맛있어요
가격이 합리적이에요
가이드가 배려 깊고 세심해요"
5,hap******,가족여행으로 좋아요,50대,2024.05.28,홍승준가이드님의 전문적이고 섬세함에 감사드립니다. 일단 제일 중요한 호텔이 깨끗하고 조식도 맛있었어요. 온천도 할수있어 너무 좋았어요. 음식도 다 새롭고 맛있게 먹었어요. 아쉬운건 돈키호테 쇼핑 소개해주고 쇼핑시간 주면 좋았겠다 싶네요. 그래도 마지막날 필요한 쇼핑 다했어요^^ 만족하고 강추합니다😄😄,"객실이 깨끗해요
일정이 알차요
현지 음식이 다양해요
가격이 합리적이에요
가이드가 전문적이에요"
5,ash****,가족여행으로 좋아요,40대,2024.05.28,"갑작스럽게 여행을 결정한 후, 예전의 기억이 좋아서 하나투어를 선택했습니다. 알찬 일정에 딱히 신경쓸 것도 없고, 정해진 식사도 자유식도 모두다 만족이었습니다. 가이드님이 어찌나 설명을 잘해 주시는지, 그냥 대강 보고 지나쳤을 부분도 잘 짚어주셔서 매우 인상깊었습니다.","일정이 알차요
즐길 거리가 다양해요
현지 음식이 맛있어요
가격만큼 가치 있어요
가이드가 전문적이에요"
5,kgr***,아동동반 여행으로 좋아요,50대,2024.05.28,남편이랑 손주 손녀랑 같이 여행 이었는데 시내 투어다 보니 아이들이 힘들어하긴 했는데 줄겁게 여행 했네요 가이드님도 열심히 사진도 찍어주시고 설명도 잘해주셔서 손녀가 일본말을 몇게 기억하게 되었네요 감사해요,"객실이 깨끗해요
일정이 알차요
현지 음식이 맛있어요
가격이 합리적이에요
가이드가 배려 깊고 세심해요"
4,jin******,아동동반 여행으로 좋아요,40대,2024.05.27,5월 24일~ 5월 26일 오사카여행~~ 박미자 가이드님 덕분에 즐겁고 알찬 여행이었습니다.,"객실이 깨끗해요
가이드가 전문적이에요
가이드가 열정적이에요
가이드가 배려 깊고 세심해요"
5,egg********,아동동반 여행으로 좋아요,40대,2024.05.26,"패키지 투어에 참여한 그릅이, 친구여행, 부부여행, 아이 동반 가족여행 등 다양했는데, 그 다양한 사람들이 모두 만족하고 행복해 한 여행이었다고 생각합니다. 기요미즈테라와 사슴공원에 얽힌 옛 이야기들, 오사카성을 중심으로 펼쳐졌던 일본 전국시대 역사, 오사카 시와 연결된 재일동포들의 피, 땀, 눈물 젖은 성공 신화, 근대 개화기 격변의 시대를 겪어낸 항구도시 고베의 발전상, 화려한 밤과 미식, 쇼핑천국이었던 도톤보리 등… 스타가이드의 전문적인 설명과 세심한 배려가 돋보이는 3박4일간의 흥미진진한 여행이었습니다. 또 가고 싶을 만큼,...","호텔이 시내에 있어요
즐길 거리가 다양해요
현지 음식이 다양해요
가격만큼 가치 있어요
가이드가 배려 깊고 세심해요"
5,ktw******,가족여행으로 좋아요,40대,2024.05.25,"조카와 함께한 오사카 여행. 이제인 가이드님 덕분에 무척 알차고 즐거운 여행이였어요~ 패기지 특성상 자유시간이 빠듯해서 아쉬웠지만. . 정신없이 사진찍고 바쁘게 돌아다니면서도 웃음이 났어요~ 날씨도 좋았고, 호텔도 깨끗.조식은 넘 맛있었고~ 제공되는 식사도 일본식을 대표할만한 음식들로 만족스러웠어요~ 패키지는 하나투어만 여러번 이용해봤는데. . 전 이번이 최고! 이제인 가이드님의 관광지 설명과 일본유학 시절 얘기에서도 일본을 조금 더 느낄수 있어서 좋았어요~ 다음에도 가성비 좋은 여행으로 또 함께 하고 싶어요~","객실이 깨끗해요
호텔에서 쉬기 좋아요
일정이 알차요
가격이 합리적이에요
가이드가 배려 깊고 세심해요"
5,ygj**,가족여행으로 좋아요,50대,2024.05.22,어머님 연세가 좀 있으셔서 여행을 잘 하실수 있을지 걱정 많았는데 이주경 가이드님 덕분에 즐거운 가족여행 했습니다. 감사합니다.,"가이드가 전문적이에요
가이드가 열정적이에요
가이드가 배려 깊고 세심해요
가이드가 재밌어요"
2,ste*********,가족여행으로 좋아요,40대,2024.05.22,"3박4일 일정이 흔하지 않아서 찾다가 하게 되었는데, 자유일정이 있다는 메리트 말고는 가성비도 그렇고 여행사 일정은 그다지 추천하고 싶지 않습니다. 식사에 대해 한마디 하자면 마지막 석식이였던 초밥은 너무 별로 였어요. 그 보다 맛있는 스시집이 얼마든지 있었을텐데 말입니다. 이동에 대한 부분만 어느 정도 감수하신다면 일본여행은 자유일정이 훨씬 나은거 같습니다. 여행사 픽 음식점도 그닥이고 저희 자유 일정 하루가 나머지 2일 여행사 일정보다 훨씬 알차고 재밌었습니다. 패키지를 추천하고 싶지 않습니다.","호텔이 관광지와 가까워요
호텔이 시내에 있어요
가격이 합리적이에요"
4,라라,가족여행으로 좋아요,40대,2024.05.21,일정은 알찼습니다.활기차고 적극적인 가이드분이 아니어서 아쉬웠습니다,"호텔이 관광지와 가까워요
일정이 알차요
현지 음식이 맛있어요
가격이 합리적이에요"
5,s40******,아동동반 여행으로 좋아요,40대,2024.05.21,여행내용이 알차고 가이드님께서 넘 좋으셨네요. 여행지에 대햐. 여러 지식도 풍부하시고 여행자에 대한배려도 넘치셨어요.여행냉내 즐거 웠습니다.,"객실이 깨끗해요
호텔이 관광지와 가까워요
일정이 알차요
가이드가 전문적이에요
가이드가 배려 깊고 세심해요"
1,ymr******,기타,50대,2024.05.20,부모님을 모시고 진짜 꽤 많은 패키지 여행을 다녀왔지만 패키지여행은 어떤가이드를 만나는지에 따라 여행전반적인 분위기가 결정되는건데 그런점으로는 최악의 패키지여행이였다고 모든가족이 한목소리로 말했다 책임감도 별로 없고 감정도 못감추어 불편하게하고 오히려 손님들을 돌려까며 말하는등 진짜 연세 많은 부모님때문에 겨우겨우 얼굴붉히지않고 여행을 마치긴했지만 하나투어는 직원및 가이드 서비스교육이 참 내가 겪은 여행사중에 바닥인거같다 후회와 반성을 많이한 여행이였다,"객실이 깨끗해요
일정이 여유로워요"
5,강can,가족여행으로 좋아요,50대,2024.05.18,"다시 가고픈 장소, 다시 뵙고 싶은 가이드 분입니다","호텔이 시내에 있어요
일정이 알차요
현지 음식이 맛있어요
가격만큼 가치 있어요
가이드가 배려 깊고 세심해요"
5,pvt**,가족여행으로 좋아요,40대,2024.05.18,일정이 알차고 주요 여행지를 편리한 교통편으로 여유롭게 다닐 수 있어서 좋았습니다. 가이드분도 설명 잘 해주시고 편하게 여행할 수 있도록 사소한 부분까지 신경써주셔서 좋았습니다. 다음에 또 가고 싶네요~,"호텔이 시내에 있어요
일정이 알차요
현지 음식이 다양해요
가격만큼 가치 있어요
가이드가 전문적이에요"
5,kim*****,가족여행으로 좋아요,40대,2024.05.18,"첫 일본여행이었습니다. 전문성과 세심함, 열정을 가지신 송영옥가이드님을 만나 가족모두 즐거운 여행이었습니다. 여행자들을 배려해주고 여행자가 우선인 여행이었습니다.","객실이 깨끗해요
일정이 알차요
현지 음식이 맛있어요
가격이 합리적이에요
가이드가 열정적이에요"
5,cjf***,가족여행으로 좋아요,40대,2024.05.18,이근호 가이드님 덕분에 일본문화를 더깊게배우고 아이들에게도 지루할틈없이 알차고 좋은여행이였어요~^^ 바뿌게 다니다보니 개인시간이 부족하긴했지만 자유여행으로 갔다면 놓쳤을부분까지 충분히즐긴것같아요~ 첫여행은 패키지추천임다,"호텔이 관광지와 가까워요
호텔이 시내에 있어요
가격이 합리적이에요
호텔에서 쉬기 좋아요"
5,hys****,친구모임으로 좋아요,50대,2024.05.17,처음 시작부터 넘 좋았구요. 친절한 김화영 가이드님을 만나 여행 마무리까지 아주 좋았습니다. 다음 여행때도 하나투어를 생각하게 되었습니다.,"객실이 깨끗해요
일정이 여유로워요
현지 음식이 맛있어요
가격만큼 가치 있어요
가이드가 전문적이에요"
5,sis****,가족여행으로 좋아요,40대,2024.05.16,엄마랑 다녀왔어요~^^ 날씨도 너무 좋았고 여행하기 좋은 날들이였어요 특히 김주옥가이드님 덕분에 매끄럽고 즐거운 여행이되었어요 여행하는 3일동안 여러가지 돌발상황들이 생겼는데 김주옥가이드님의 적절한 대처로 지체없이 여행이 진행되었어요 감사드립니다^^ 다음에도 하나투어 통해서 여행하고 싶네요~^^,"객실이 깨끗해요
일정이 알차요
식당이 청결해요
가격이 합리적이에요
가이드가 열정적이에요"
4,pri*****,가족여행으로 좋아요,40대,2024.05.15,가족단위 여행으로 좋은 것 같아요 일정이 많아 어르신들 모시기에는 다소 무리가 있고 아침에 짐싸고 이동 하는 시간이 좀 촉박 그외에는 대체로 만족한 여행,"객실이 깨끗해요
일정이 알차요
현지 음식이 다양해요
가격이 합리적이에요
가이드가 전문적이에요"
5,dsb*******,나홀로 여행으로 좋아요,30대,2024.05.12,혼자여행하기 편할만큼 안전한고 편한여행이였어요 여성가이드님이라 설명도 잘해주시고 재미있는 여행이었어요 조금아쉬웠다면 식사가 좀더 맛있었음 좋겠다는 아쉬움이 스테이크고기식사는 맛있었습니다 조용하고 편한여행이었습니다 감사해요^^가이드님 말을 많이하는 직업이라 그런지 목소리가 안좋으신데 관리잘하셔서 건강하셨으면 좋겠습니다 ㅎㅎ감사합니다,"호텔이 시내에 있어요
즐길 거리가 다양해요
현지 음식이 맛있어요
가이드가 재밌어요"
5,링스,친구모임으로 좋아요,60대,2024.05.12,"무엇보다 가격이 너무 좋았고, 가격대비 구성이 너무 알차고, 호텔 서비스가 지금까지 묵었던 최고급호텔 보다도 오너의 섬김 마음이 너무 감동적입니다. 투어는 역시 하나투어이며, 27년 경력의 베테랑 가으드분도 너무 좋았습니다.","객실이 깨끗해요
호텔에서 쉬기 좋아요
일정이 알차요
가격이 합리적이에요
가이드가 전문적이에요"
5,jws*****,가족여행으로 좋아요,40대,2024.05.10,"처음가는 가족들과의 여행이었어요 구경거리도 마음에 들었고,일정도 괜찮아서 많이 힘들지 않았어요~~","일정이 알차요
현지 음식이 맛있어요
가격이 합리적이에요
가이드가 배려 깊고 세심해요
호텔이 시내에 있어요"
5,bea******,가족여행으로 좋아요,40대,2024.05.10,김미경 가이드님으로 인하여 정말 즐거운 오사카 여행이였습니다. 중간중간 우리팀이 힘들게한 것도 있었는데 잘 대체해주시고 짜증내지 않고 대응해 주셨습니다. 역사에 대한 지식도 박식하시고요.. 공부도하고 맛도있고 볼 거리도 있는 여행 이였습니다.. 김미경 가이드님 항상 홧이팅 입니다.. 감사했습니다,"호텔이 관광지와 가까워요
일정이 알차요
현지 음식이 맛있어요
가이드가 전문적이에요
가이드가 열정적이에요"
4,par*******,커플여행으로 좋아요,50대,2024.05.09,처음가보는 오사카여행2박3일은 짧은시간이었어요북적이는 오사카 시내는번쩍이는 불빛과 수도없는 먹거리들이 즐비해 즐거운시간 이었어요다음날 교토여행은 조용한 오하라 산책이 정말 좋았는데시간을 조금만 더줬음 좋겠다는 생각이 들었고 청수사에서의시간도 한시간만 더 있었으면 니넨자카 거리도 좀 느긋이 걸어볼수 있었을텐데 하는 아쉬운 생각이 많이들었어요 김해경가이드님의 세심함 으로 불편함없이 여행할수있었고 같이 다녔던28명의 시간지킴과 아무 불상사없이 여행을 마칠수있어서 감사했습니다,"호텔이 관광지와 가까워요
일정이 알차요
식당 뷰가 좋아요
가격만큼 가치 있어요
가이드가 전문적이에요"
4,sel***,가족여행으로 좋아요,40대,2024.05.09,출국시 제주항공이 지연하는 바람에 일정이 좀 촉박했어요. 그리고 현지에 도착해서 만난 일행분들과 가이드님을 좋은분들 만났어요..즐거운 투어였어요. 다만 첫날에 비행연착으로 이렇때는 코스를 줄였으면 좋겠어요..약간의 아쉼기는 했어도 좋았어요,"객실이 깨끗해요
현지 음식이 맛있어요
가격이 합리적이에요
가이드가 전문적이에요
가이드가 배려 깊고 세심해요"
5,197*******,가족여행으로 좋아요,40대,2024.05.09,인생에 추억을 남길 만한 여행이었던 것 같습니다. 강은영 인솔자 님 감사합니다.,"가격만큼 가치 있어요
가이드가 열정적이에요"
5,p_s*,아동동반 여행으로 좋아요,30대,2024.05.07,코로나때문에 아이 첫 해외여행을 미루다가 이번에서야 가게됬어요 2박3일이라 짧지않을까 걱정했는데 일정이 꽉 차있고 핵심여행지도 많이다녀서 재밌고 알찼어요 가이드분께서 역사관련 전문적인 설명도 많이해주시고 하루일정 마치고 호텔도착해서 개인시간때 친절하시게 시내관광 나갈수있도록 시내나가는 길도 직접 안내해서 인솔해주셨어요 아이도 너무 즐거워하고 저희도 너무재밌었습니다 홍승준가이드님 덕분에 보람찬 여행했어요 감사합니다 항상 건강하세요,"호텔이 시내에 있어요
일정이 알차요
즐길 거리가 다양해요
가이드가 전문적이에요
가격이 합리적이에요"
5,jtj*******,친구모임으로 좋아요,50대,2024.05.07,김경란 가이드님과 두근두근 일본여행 일정을 안전하고 알차게 관광했음. 직접체험을 통해서 일본 음식과 정서 절약과 합리적인 생활방식이 많이 와닿았음. 현지음식이 간장.된장으로 만든것들이어서 대체적으로 짠맛이어서 아쉬웠음.나라.교토.고베.오사카관광 알차게 잘함. 김경란가이드님께서. 한명한명 꼼꼼히 세심하게 응대하고 관광내내 에너지 풀 장착 짱! 관광으로 지치고 피로했지만 가이드님의 에너지로 피로함을 이기게하는 원동력이되었음.,"객실이 깨끗해요
일정이 알차요
가이드가 전문적이에요"
4,you********,아동동반 여행으로 좋아요,50대,2024.05.03,아들과 단둘이 첫 여행. 유니버셜스튜디오재팬 아이가 너무 좋아해서 좋은 추억 만들고 왔습니다.,"객실이 깨끗해요
호텔에서 쉬기 좋아요
즐길 거리가 다양해요
식당이 청결해요
가격이 합리적이에요"
5,수연짱,가족여행으로 좋아요,40대,2024.05.03,부모님들과 이모분들이 다녀오셨는데 너무너무 가이드님이 좋았다고 여러번 말씀하시네요~ 일정도 너무 알차고 좋았다고 합니다. ^^ 고진희가이드님~~ 최고최고!!,"일정이 알차요
현지 음식이 맛있어요
객실이 깨끗해요
가격만큼 가치 있어요
가이드가 배려 깊고 세심해요"
5,hyj****,커플여행으로 좋아요,20대,2024.05.02,친절하시고 유쾌하신 고유현 가이드님 덕분에 즐거운 여행이 됐던 것 같습니다♡ 일정이 조금 빡빡하긴 했지만 그 덕분에 일본에 대해서 많이 알게 된 것 같아요 음식들도 다 맛있었고 호텔도 깔끔하고 좋았어요 좋은 추억 만들어주셔서 감사합니다!! ♡,"객실이 깨끗해요
호텔이 시내에 있어요
일정이 알차요
가이드가 재밌어요
가이드가 배려 깊고 세심해요"
5,하나투어 회원,가족여행으로 좋아요,60대,2024.04.29,짧은 일정이었지만 알차고 좋은 경험을 하게 해주신 임윤희 가이드님의 열정적인 리드에 다시한번 감사드립니다 ^^,"호텔이 시내에 있어요
일정이 알차요
가이드가 열정적이에요
가이드가 전문적이에요
가이드가 배려 깊고 세심해요"
5,gnt*****,가족여행으로 좋아요,20대,2024.04.28,윤정희 가이드님 덕분에 즐거운 여행 되었습니다! 하나하나 친절히 설명해 주시고 성격이 좋으셔서 다른분들도 다 재밌어 하시는거 같았어요 다음에 또 일본 놀러가고 싶네용,"호텔 부대시설이 좋아요
일정이 알차요
식당이 청결해요
가격이 합리적이에요
가이드가 전문적이에요"
5,whi*********,가족여행으로 좋아요,20대,2024.04.27,윤정희 가이드님과 함께한 3일 덕분에 즐거운 가족 여행이었습니다.,"호텔에서 쉬기 좋아요
일정이 알차요
현지 음식이 다양해요
가격이 합리적이에요
가이드가 열정적이에요"
5,jeo*******,가족여행으로 좋아요,60대,2024.04.26,대가족 여행~ 패캐지로 떠난여행^^ 출발과여 행 내내 모은 힘들어도 알찬 여행으로 행복했어요 식사도좋았고 장성란 가이드님의 열정적이며 배려와 전문적이면서도 지루하지 않도록 다양한 비유로설명해주시니 피곤하지 않았어요 사고없이는 모두 안전한 여행 또한 즐거웠어요 함께간 여행자분들도 서로 알지는 못하지만 늘 불편함없어서 좋았어요 다시 가고싶다 우리 대가족 모두 말하네요^^,"일정이 알차요
가격이 합리적이에요
가이드가 열정적이에요
가이드가 배려 깊고 세심해요
가이드가 전문적이에요"
5,diddid22,가족여행으로 좋아요,40대,2024.04.24,아주 꽉 찬 2박3일 일정이었습니다. 좋으신 일행분들과 여행내내 일본 문화와 역사를 잘 설명해주시고 세심하게 신경써주신 윤성혁 가이드님 덕분에 즐거운 여행 할 수 있었습니다.,"호텔 부대시설이 좋아요
일정이 알차요
가격이 합리적이에요
가이드가 열정적이에요
가이드가 배려 깊고 세심해요"
4,yea********,아동동반 여행으로 좋아요,50대,2024.04.22,소중한 추억을 선사해준 하나투어 감사합니다,"호텔이 시내에 있어요
일정이 알차요
현지 음식이 맛있어요
현지 음식이 다양해요
가격이 합리적이에요"
4,hks******,친구모임으로 좋아요,50대,2024.04.22,따스한 봄날에 다녀온 일본여행^^ 출국 공항에서 부터 입국 공항까지 세심하고 친절한 가이드님(황짱) 덕분에 더 유익한 일정 이었어요 음식은 정갈했고 숙소는 청결했어요 일정이 여유로워서 편하게 다녀왔어요,"일정이 여유로워요
식당이 청결해요
가격만큼 가치 있어요
가이드가 배려 깊고 세심해요
가이드가 전문적이에요"
3,yeo***,커플여행으로 좋아요,60대,2024.04.22,"현지 도착후 관광지로 이동하여 관광을 할때 시간이 다소 짧은것이 아쉬웠는데, 그곳 사정을 고려하여 시간을 탄력적으로 조정했으면 어떨까 생각합니다. 식사는 일본 현지식이라 좋은 경험을 했으나, 현지식이 너무 일률적이고 단편적인 것이 좀 아쉬웠습니다. 가이드는 현지 가이드가 좀 더 낫지 않았나 생각됩니다. 그 이유는 현지에 거주하고 있기 때문에 그 곳 사정을 잘 알고 있으므로 보다 더 알차고 세세하게 관광할 수 있지 않나 생각됩니다","객실이 깨끗해요
호텔이 시내에 있어요
호텔에서 쉬기 좋아요
식당이 청결해요
가격이 합리적이에요"
5,naj******,친구모임으로 좋아요,60대,2024.04.21,"짧은 시간에 생각보다 괜찮은 여행이라고 기억될거예요 게다가 호텔 조식이 매우 만족스럽고 현지식사도 좋은 선택이었어요 간 곳에서 적당히 자유롭게 체험하는 것도,과하지 않은 가이드의설명과 편안함을 느끼게되는 배려가 돋보입니다","객실이 깨끗해요
일정이 알차요
현지 음식이 맛있어요
식당이 청결해요
가격이 합리적이에요"
4,yng***,가족여행으로 좋아요,50대,2024.04.19,두번째 가는 오사카여행인데 전에갔던 일정과 거의 겹치지 않았지만 그닥 볼거리가 있진않았습니다. 다행히 가이드님이 지식이 많아서 즐거웠습니다,"현지 음식이 맛있어요
가이드가 전문적이에요
가이드가 열정적이에요
가이드가 배려 깊고 세심해요
가이드가 재밌어요"
4,hee****,가족여행으로 좋아요,50대,2024.04.19,여행 스케줄이 알차게 되어있어 감사해요! 가이드분께서도 역사적 배경등 설명해주시니 관광하는 시간이 즐거웠습니다~^^,"호텔이 시내에 있어요
일정이 알차요
현지 음식이 맛있어요
가격이 합리적이에요
가이드가 배려 깊고 세심해요"
5,몽이네,가족여행으로 좋아요,50대,2024.04.19,"일정이 알차면서도 일정소화하기는 여유로와서 좋았습니다, 호텔도 깨끗하고 객실크기가 사용하는데 편했고, 특히 강호준가이드의 친절과 열정, 위트에 감동했습니다. 또다시 일본여행을 가게되면 강호준가이드와 함께 하고 싶습니다. 좋은 추억을 갖게 해주어 감사합니다","객실이 깨끗해요
호텔이 시내에 있어요
호텔에서 쉬기 좋아요
일정이 알차요
일정이 여유로워요"
5,성미양,가족여행으로 좋아요,50대,2024.04.19,아들과 함께한 여행 좋아요. 가이드님도 일본에 대해 설명도 잘해주셔서 고마웠어요. 날씨도 좋았고 숙소 음식 토스도 좋았어요,"객실이 깨끗해요
호텔 부대시설이 좋아요
호텔이 시내에 있어요
일정이 알차요
현지 음식이 맛있어요"
5,sal*******,가족여행으로 좋아요,30대,2024.04.18,엄마 모시고 저희엄마 첫 해외여행을 이번 패키지로 선택해서 다녀왔습니다! 엄마의 첫 해외여행인만큼 기대도 컷고 친언니와 조카와 또 함께 가는 여행이라 너무 설레였어요!! 결론은 정말 2박3일 동안 너무 대만족한 여행이였고 무엇보다 전일정 꼼꼼하게 세심하게 신경써주시고 케어해주신 윤정희 가이드님 덕분에 저희가족 그리고 저희 엄마에게 평생잊지못할 기억이 돠었됩니다!! 진짜 윤정희 가이드님 공항 도착해서 까지도 끝까지 케어해주시는 모습에 큰 감동이였습니다!! 저희가족에게 평생남을 추억 남들어주셔서 감사합니다!! 윤정희 가이드님 ...,"호텔이 관광지와 가까워요
일정이 알차요
현지 음식이 다양해요
현지 음식이 맛있어요
가격이 합리적이에요"
5,mel*******,가족여행으로 좋아요,40대,2024.04.18,먼저 이 근 호 가이드님! 또 하고싶은 여행으로 만들어주셔서 감사합니다:D 자유여행을 준비하던중에 갑자기 초특가가 떠서 얼떨결에 예약을하고 우리가족 첫패키지여행 도전! 꼼꼼히 여행 일정 및 후기를 읽어보고 일본패키지는 하나투어가 가장 괜찮아서 선택. 대체적으로 좋은평이 많았지만 악평도 있어서 걱정반 기대반으로 출~발! 출발전 궁금했던 모든 것들 A에서 Z까지 알려드림 1. 가이드님과 공항에서 같이 출발함 ( 캐리어 나오는 번호까지 실시간으로 상세히 알려주심 ) 귀국할때도 같이옴 2. 비짓재팬 신청안해도 입국에 필요한 종이신...,"현지 음식이 맛있어요
가격이 합리적이에요
가이드가 전문적이에요
가이드가 열정적이에요
호텔이 시내에 있어요"
5,kim******,가족여행으로 좋아요,50대,2024.04.16,가격만큼 가치있는 여행이었다,"호텔이 관광지와 가까워요
일정이 알차요
현지 음식이 맛있어요
가격이 합리적이에요
가이드가 전문적이에요"
5,apr******,아동동반 여행으로 좋아요,40대,2024.04.13,이미진 가이드님 너무 세심하고 꼼꼼하게 챙겨주시고 안내도 너무 재미있게 해주셔서 가이드님 덕분에 너무 즐거운 여행 했습니다.가이드님 감사했습니다👍,"호텔이 관광지와 가까워요
가이드가 전문적이에요
가이드가 열정적이에요
가이드가 배려 깊고 세심해요
가이드가 재밌어요"
5,skj*******,가족여행으로 좋아요,60대,2024.04.12,이번여행은 강은영 가이드께서 위낙 열정적이고 전문적이셔서 연세 높으신 일행이 함께한 가족여행이라 걱정했지만 가이드님 덕분에 편안한 여행을 다녀올수 있어서 너무 감사했어요 해외 패키지 여행을 자주 다니지만 이번 강은영 가이드님이 최고였습니다. 다음 여행도 함께하고싶은 분이라 꼭 칭찬해드리고 싶었습니다,"객실 뷰가 좋아요
일정이 알차요
현지 음식이 맛있어요
가격이 합리적이에요
가이드가 전문적이에요"
5,gc5****,가족여행으로 좋아요,60대,2024.04.12,즐거운 여행이었어요,"객실이 깨끗해요
일정이 알차요
현지 음식이 맛있어요
가격이 합리적이에요
가이드가 전문적이에요"
5,jsj****,기타,30대,2024.04.12,"[협찬 아닌, 내돈내산 리뷰(하나투어와 아무런 이해관계 없음)] 너무 즐겁고, 행복 가득한 여행 추억입니다!!! 함깨 하여 즐거운 우리 팀 여행자선생님들과 가이드선생님, 그리고 현지 기사선생님 모두 진심으로 감사인사드립니다! 2024년 4월 9일(화)~11일(목) 2박 3일 일정으로 즐겁고 행복한 시간이었습니다. 저는 하나라도 더 경험하고 더 먹을거리 간식먹고 길거리 산책과 수많은 상점 보고 체험하고 싶어서, 자는 시간 빼고 정말 알차게 보냈습니다. 패키지 공동일정 잘 즐기고, 이후 자유시간에요. 현지 상점, 현지 편...","일정이 알차요
현지 음식이 맛있어요
가격이 합리적이에요
가이드가 전문적이에요
가이드가 열정적이에요"
4,gks*******,가족여행으로 좋아요,40대,2024.04.12,어머니와 둘이 함께한 여행!! 패키지 여행에서 무엇보다도 중요한건 가이드와의 만남이라고 생각하는데 이미진 가이드님이 정말 열정적이고 친절하고 잘 챙겨주셔서 좋은 추억여행이지 않았나 싶습니다.,"일정이 알차요
가이드가 전문적이에요
가이드가 열정적이에요
가이드가 배려 깊고 세심해요
가이드가 재밌어요"
4,mcg***,가족여행으로 좋아요,40대,2024.04.11,"가족여행이었는데 어른들이 좋아하셨고, 윤현정 가이드님이 매우 친절하고 즐겁게 여행 도와주셔서 감사드립니다.","객실이 깨끗해요
객실 뷰가 좋아요
일정이 알차요
현지 음식이 맛있어요
가이드가 열정적이에요"
5,zaz****,가족여행으로 좋아요,40대,2024.04.11,전문적이고 친절하고 홍지현 가이드님과 함께한 3일 오사카 간단하게 구성원 부모님2분 우리부부 자녀 초4 1. 숙소 : 도톤보리 5분거리 굿 2.일정 : 다양한 곳 교토 나라 오사카 고베 굿 3. 가이드 : 홍지현가이드님 퍼펙 4. 일행 시간 엄수 : 퍼펙,"호텔이 관광지와 가까워요
가이드가 전문적이에요
가이드가 열정적이에요
호텔에서 쉬기 좋아요
일정이 알차요"
5,jhs*****,가족여행으로 좋아요,40대,2024.04.09,"첫 일본 여행이라 고민하고 결정한 여행이였는데 함께한 동행자 분들께서 너무나 친절하시고 배려 깊어서 2박 3일동안 정말 가족같은 분위기로 불편한 점없이 즐거웠고, 무엇 보다 실수로 여행지에 폰을 두고 왔는데 너무나 진심으로 찾게 도와주신 ""심정희 가이드"" 님께 너무 감사하고 또 너무나 진심으로 도와주신 현지 버스 기사님께도 너무 감사해요. 2일날 묵었던 호텔에서 무제한 무료로 제공해주는 다양한 술로 동행자 분들과 즐거운 저녁을 함께 했던 시간도 잊지 못할 추억을 만들었습니다. 일본 패키지 여행 고민하시는 분들 지금 바로 선택하...","호텔이 관광지와 가까워요
일정이 알차요
현지 음식이 맛있어요
가격이 합리적이에요
가이드가 배려 깊고 세심해요"
3,797****,친구모임으로 좋아요,50대,2024.04.09,여유로운 일정이 나에겐 좋았고 호텔 2박째는 시내와는 떨어졌지만 뷰가 좋고 온처욕에 안성맞춤,"객실 뷰가 좋아요
호텔이 관광지와 가까워요
일정이 여유로워요
현지 음식이 다양해요
가이드가 전문적이에요"
5,som**,가족여행으로 좋아요,30대,2024.04.08,"욕심쟁이 4모녀의 첫 해외여행으로 3박 4일 같이 알차게 다녀왔어요~ 개인적으로 일본 오사카 교토는 많이 갔지만 가족들과 함께하는 일본여행에 코스를 알차게 짜고 싶어서 패키지 여행을 선택했는데 결과적으로 잘한 선택이었답니다. 호텔도 시내 중심가여서 자유식사도 쇼핑도 야간에 돌아다니는 것도 편리했어요. 특히 인솔하신 이근호 가이드님의 센스는 정말 놀라웠습니다. 출발일 1시간 연착해서 도착했는데 시간 조절 잘 해주셔서 하루카스에서 오사카 야경까지 볼 수 있었고 사진 찍기 좋은 곳, 꼭 먹어야 할 음식 쇼핑하면 좋은 아이템들도...","호텔이 시내에 있어요
일정이 알차요
가이드가 전문적이에요
가이드가 배려 깊고 세심해요
가이드가 열정적이에요"
5,tls*********,친구모임으로 좋아요,60대,2024.04.08,오사카. 고베. 교토. 나라 즐겁고 행복한 여행이였습니다. 다음에도 이근호 인솔자/가이드님과 일본 여행을 하고 싶습니다,"호텔이 시내에 있어요
일정이 알차요
현지 음식이 맛있어요
가격이 합리적이에요
가이드가 열정적이에요"
5,mam****,가족여행으로 좋아요,40대,2024.04.05,여행장소 가이드 설명 음식 다 좋았어요,"객실이 깨끗해요
호텔이 관광지와 가까워요
호텔이 시내에 있어요
일정이 알차요
현지 음식이 맛있어요"
5,owa***,친구모임으로 좋아요,60대,2024.04.05,"세심함이 돋보이는 가이드, 꼼꼼하게 잘 챙겨주셔서 감사합니다.","객실이 깨끗해요
호텔에서 쉬기 좋아요
일정이 알차요
식당이 청결해요
가격이 합리적이에요"
1,gamay12,커플여행으로 좋아요,60대,2024.04.04,벚꽃 여행 이였는데 벚꽂이 없어요ㅜㅜㅜ,"객실이 깨끗해요
호텔이 관광지와 가까워요
호텔이 시내에 있어요
식당이 청결해요
가이드가 전문적이에요"
4,ryo*****,가족여행으로 좋아요,30대,2024.04.04,짧은 기간임에도 알찬 일정으로 첫 패키지여행 만족합니다 함께하는 일행분들도 모두 시간 약속 잘 시켜 주셨어요 무엇보다도 '박지안' 가이드님 덕분에 많은 정보도 얻고 편안하게 여행했습니다:),"호텔이 관광지와 가까워요
호텔이 시내에 있어요
일정이 알차요
가이드가 배려 깊고 세심해요"
4,cha*****,가족여행으로 좋아요,60대,2024.04.03,안은실 가이드님 감사합니다..덕분에 즐거운 여행이였습니다,"가격이 합리적이에요
가이드가 배려 깊고 세심해요"
5,iky*****,가족여행으로 좋아요,40대,2024.04.03,아주 만족스러운 여행이었습니다~ ^^,"객실이 깨끗해요
호텔이 관광지와 가까워요
가이드가 배려 깊고 세심해요
일정이 알차요"
4,은유,가족여행으로 좋아요,30대,2024.04.02,가족여행을 패키지로처음가보는데 일단 버스가 40인승인데 대략20명정도 타고다녀서 여유있게 앉아가서 편했고 패키지의 식당들은 모두깨끗했으며 주요 관광지가서 좋았습니다. 그런데 일정중에 유니버셜가는 일정이 없었는데 한팀이 거기간다고 내려주러가서 이동이 그날. 불편했네요 가는길에 있는거면 괜찮았지만 그팀때문에 다시 돌아가야해서 불편했네요. 그외는 재미있는관광이였습니다.,"호텔이 관광지와 가까워요
일정이 여유로워요
현지 음식이 맛있어요
식당이 청결해요
가격이 합리적이에요"
1,wld******,친구모임으로 좋아요,50대,2024.04.02,가이드 고생에 별1개 현지 엄청많은 사람냄새 거름냄새 사슴냄새... 전혀 친절하지 않은 일본인과 형편 없는 음식 다시는 안 갈래요,가이드가 열정적이에요
4,emb*****,기타,40대,2024.04.01,첫 일본여행이라 설렘을 안고 벚꽃을 보러갔지만 날씨가 안따라줘서 꽃구경을 못한게 좀 아쉽네요 날짜를 잘못잡은 제탓이죠 일본 주류세가 약해서 위스키 구매하기 매우좋았어요 너무 기분이 좋터라구요 일정은 거의 선착순 빨리걷기 수준이라 관광을 한건지 뭘본건지 모르겠어요 40대인 제가 이정도로 느꼈다면 어른들은 힘드셨을 꺼에요 기념품하나 구경하며 살시간도 거의 없습니다. 어른중엔 손녀준다고 뛰어가서 사신분도 있으셨어요 일행한테 뒤처지면 피해줄까봐요 작년 연말에 아버지가 돌아가셨는데 시골에 소키우셔서 여행한번 못 보내드린게 늘 맘에 걸렸는데 ...,"객실이 깨끗해요
현지 음식이 맛있어요"
5,olo******,가족여행으로 좋아요,30대,2024.04.01,박향옥가이드님 덕분에 알차고 일본을 이해하면서 여행 하기 좋았습니다.이동시에도 세심하게 잘 챙겨주시고 자유시간에 가볼만한 곳과 음식점도 잘 알려주시고 가는 곳의 유례나 일본의 역사에 관해서도 이동시 설명 잘 해주셔서 가는곳의 정보를 잘 알고 갈수 있어서 이 점도 좋았습니다 ! 정말 감사합니다:) 그리고 여행 일정이 2박3일인데 핵심적인 곳만 쏙 알차게 볼수있었고 숙소도 깔끔하고 방도 넓고 쾌적했습니다 아침 조식도 부담 없이 아침으로 먹기에 든든하고 좋았습니다.,"객실이 깨끗해요
일정이 알차요
식당이 청결해요
가격이 합리적이에요
가이드가 배려 깊고 세심해요"
3,tai*****,가족여행으로 좋아요,30대,2024.04.01,한끼 빼고는 다 자유식이였어서 입맛에 맞게 잘 사먹었어요(그 한끼는 저는 그닥... 뭐가뭔지 음식에 대한 정보없이 먹어서 더 별로 였던거 같음...) 호텔 침대가 너무 좋았고 난바와 도돈보리가 가까워서 좋았어요 패키지이지만 패키지아닌느낌으로 자유시간이 넉넉했어요 이번 여행 덕분에 다음 일본여행은 자유여행을 할 수 있다는 자신감을 얻었어요 감사합니다,"객실이 깨끗해요
호텔 부대시설이 좋아요
호텔이 관광지와 가까워요
호텔에서 쉬기 좋아요"
5,jjb***,가족여행으로 좋아요,50대,2024.03.30,가족과 함께 여유있고 느긋하게 여행하기 좋습니다.,"객실이 깨끗해요
일정이 여유로워요
현지 음식이 맛있어요
가격이 합리적이에요
가이드가 배려 깊고 세심해요"
3,mia****,친구모임으로 좋아요,50대,2024.03.30,일정이 다소 실망스러웠으나 이근호 인솔자겸 가이드 님 덕분에 즐거운여행했습니다,"호텔이 시내에 있어요
일정이 알차요
식당이 청결해요
가격이 합리적이에요
가격만큼 가치 있어요"
5,a96****,기타,40대,2024.03.30,"""김주옥 가이드님"" 퍼팩입니다!!!!!! 전문성과 인솔능력은 기본을 능가하심!!! 기후, 교통, 관광지, 관광객 현지 상황에 맞게 대처능력이 아주 뛰어 나십니다... 친절하시고 배려심 최고입니다.... 여행동안 지체되는 일 없이 순서대로 술술 진행되었습니다... 가이드님 덕분에 편안한 여행이였습니다... 다시 만나고 싶은 가이드 ""1위"" 입니다!!!!","일정이 여유로워요
가격만큼 가치 있어요
가이드가 전문적이에요
가이드가 열정적이에요
가이드가 배려 깊고 세심해요"
5,ter********,친구모임으로 좋아요,50대,2024.03.30,"교토여행 3번째인데 지난경험을 떠올리면 가이드는 기념품팔이(어쩔수없음을 이해함)같았어여.좀 불변했던기억입니다. 이번여행의 송재혁가이드는 여행길을 안내하고 ,기녕하고 ,생각할수있는 내면의 의미를 가이드하여 좋은 파트너로서 격조와 친절함을 갖춘 좋은분 덕분에 추억을 빛낼수 있었기에 매우격한 ㅎㅎ칭찬과 감사드립니다. 다시 기회되면 안내받길 바라는 마음에 송재혁가이님께 '우리 다시만나요'라는 작별인사를 했답니다. 가이드상 시그니쳐 상징 사진 올려봅니다 가이드님 감사드리는 마응보냅니다~~^^","호텔이 시내에 있어요
가이드가 전문적이에요
가이드가 재밌어요
가이드가 배려 깊고 세심해요
가이드가 열정적이에요"
5,doh******,가족여행으로 좋아요,70대,2024.03.29,벚꽃타이밍 잘못생각해서 제대로 못봤지만 재밌었습니다 가이드 김동욱님 관광하면서 역사에 굉장히 박학하셔서 재밌게 들었습니다,"객실이 깨끗해요
현지 음식이 다양해요
가이드가 열정적이에요"
1,jng***,기타,60대,2024.03.28,"버스안에서의 갈피도 못찾고 종착점도 없는 장황스런 이야기에 짜증만 쌓였고 궂은 날씨를 감안하더라도 20여명을 인솔하는데 취미 삼아 일한다는 가이드는 역시나 버거운 듯 이동중의 피로회복은 여행내내 불가능했으며 관광지의 소소한 즐거움은 몇몇 사람에게만 해당되는 복불복인듯한 그런 여행, 그런 여행사를 누가 가고 싶고 추천하고 싶을까요?",
1,acs***,친구모임으로 좋아요,50대,2024.03.28,"17년전부터 하나투어 이용해서 패키지 여행을 즐겨왔지만 이번여행을 마지막으로 하나투어 패키지 여행을 이용하지 않기로 하며 마지막으로 여행후기 남김니다. 2박3일 일정 중 첫날만 날씨가 화창하고 나머지 이틀은 비가 온다고 예고되었음에도 불구하고, 첫날 일정인 하루카스 전망대 일정을 여행객들과 상의도 없이 다음날로 일정 변경하고 통보만 하였습니다. 당연히 둘째날 비가 왔고, 전망대에는 올라가봤자 안개끼고 비가오는 뿌연 안개만 보이는 전망에 화가 치밀어 올랐습니다. 가이드는 엘리베이터 타고 올라가서 보고 아래층에서 만나자는 애기만 남긴...",호텔이 관광지와 가까워요
3,you*****,가족여행으로 좋아요,40대,2024.03.27,날씨와 현지사정이 여의치 않아서 일정도 계속바뀌고 차안에서 이동하는 시간도 꽤 길었음 이동시간동안 계속 쉴수있어서 돌아와서도 여행의 피로는 그다지 느낄수 없을정도였음ㅋ 패키지라 어쩔수 없는거였다고 해도 현지사정이 그정도 였다면 차라리 일정을 너무 욕심내지 않고 진행하는게 낫지않았을까 하는 아쉬움이 있음,"객실이 깨끗해요
호텔 부대시설이 좋아요
가이드가 열정적이에요
가이드가 배려 깊고 세심해요"
4,hee***,친구모임으로 좋아요,50대,2024.03.27,가이드님이 잠시 잠시 휴식과 여유를 주셨다면 좀더 균형잡힌 여행이 되었을거 같다는 아쉬움이 있습니다.,"호텔 부대시설이 좋아요
객실이 깨끗해요
현지 음식이 맛있어요"
5,ing******,가족여행으로 좋아요,40대,2024.03.26,"일본 패키지 여행이 처음이었는데 가는 곳 마다 한국인들이 많아 첫 날은 내가 일본에 있는 것인지 외국인들이 한국에 관광 온 것인지 혼동이 올 정도로 실감이 안 났지만 시간이 지날수록 가는 곳마다 좋았어요. 일본어는 현지인들 보다 가이드님이 버스기사님이나 식당 직원과 대화할 때 가장 많이 들었답니다~ㅎㅎ 니넨자카, 산넨자카, 오사카성, 도톤보리, 교토, 고베 등 기억이 생생하네요! 이동하는 버스에서의 역사에 관한 설명~ 가이드의 정석이라고 해야 할까요~(전문성👍) 시간 조정도 상황에 맞게 잘 진행해 주셔서 감사했어요!! ...","호텔이 시내에 있어요
일정이 알차요
식당이 청결해요
가격이 합리적이에요
가이드가 배려 깊고 세심해요"
4,나각산,친구모임으로 좋아요,60대,2024.03.26,"이영선A 스타가이드님을 칭찬합니다. 지난 3.21부터 4일간 고향친구 5명이 평생동안 공직에 있다가 정년퇴임한 후 10명이 부부동반으로 일본여행을 다녀왔습니다. 가끔씩 주기적으로 단체여행을 다니지만 특히, 이번 여행은 그 의미가 남다른 일정이었습니다. 일정, 숙박, 음식, 볼거리 등에 더해 여행을 더욱 빛나게 하는 요소는 가이드의 역할 이라고 생각합니다. 이영선님은 뛰어난 미모에 유창한 말솜씨, 유머감각, 익살스런 제스츄어, 표정 등 일류ㅠ배우를 연상케 했습니다. 누구나 보통 여행계획을 할때 그 지역의 정보를 검색해 보고 다양한...","호텔이 관광지와 가까워요
즐길 거리가 다양해요
현지 음식이 다양해요
가격이 합리적이에요
가이드가 전문적이에요"
5,chr*********,나홀로 여행으로 좋아요,30대,2024.03.24,이수완 가이드님이 친절하시고 센스있어요. 이곳저곳 알차게 돌아다녔습니다. 첫 해외여행이었는데 좋은추억 만들어갑니다.,"가이드가 열정적이에요
가이드가 배려 깊고 세심해요
가이드가 재밌어요
현지 음식이 맛있어요
객실이 깨끗해요"
5,342*****,가족여행으로 좋아요,30대,2024.03.23,"볼거리,먹을거리,숙소 , 차량 만족 했습니다 더욱 만족했던건 ”장경호“ 가이드 너무 즐거웠던 여행 이였습니다 여유롭게 구경하며 길거리 음식도 먹어보고 쇼핑도 하고 사진도 많이 찍을수 있었고 적당히 걷고 쉬고 해서 힘든 여행은 아니고 가족들과 즐겁게 다녀 왔어^^ 일본 여행 또 가게 되면 장경호 가이드님 또 만나고 싶어요🩷","호텔이 시내에 있어요
일정이 여유로워요
가이드가 배려 깊고 세심해요
가이드가 재밌어요
현지 음식이 맛있어요"
5,fori486,가족여행으로 좋아요,40대,2024.03.21,고민이 많았던 여행이었는데 너무 잘 다녀왔습니다. 아이들도 너무 좋아했고 리프레시된 것같아요. 가이드님께서 열정적으로 알려주시고 아이들에게도 너무 친절하셨어요. 다음 여행에도 다시 만나고싶은 분이세요. 즐겁고 행복한 여행이었어요!!!!,"객실이 깨끗해요
일정이 알차요
현지 음식이 맛있어요
가격이 합리적이에요
가이드가 열정적이에요"
1,imo******,가족여행으로 좋아요,40대,2024.03.20,히터바람과 창문의 냉기로 너무 힘든 밤들을 보냈네요. 이것도 경험이겠죠.. 식사도 여행전 변경되어 편식이 있는 아이여서 걱정이었는데 현실로... 이 또한 패키지로 여행을 왔으니 어쩔 수 없죠..,호텔이 관광지와 가까워요
5,my_****,가족여행으로 좋아요,40대,2024.03.19,"가이드의 세심한 안내와 관광지에 대한 설명을 일본역사와 연결해서 재밌고 자세하게 설명해주셔서 너무 좋았어요. 숙소위치도 시내 주요 지역에 있어서 편리했고, 깨끗하고 넓고 쾌적했어요. 온천을 할 수있어서 여독을 풀기에 좋았고, 편하게 이용할 수있도록 잘 되어있어요. 조식 너무 훌륭했고, 현지식 퀄리티도 아주 좋았어요. 여행내내 엄마가 너무 좋아하시고, 행복해하셨어요. 좋은 여행 이 될 수있게 수고해주셔서 감사합니다.","호텔에서 쉬기 좋아요
일정이 알차요
현지 음식이 맛있어요
가격만큼 가치 있어요
가이드가 배려 깊고 세심해요"
5,kiw*******,커플여행으로 좋아요,50대,2024.03.19,부부여행으로 갔어요 가이드님 재밌으시고 유쾌해서 즐거웠고요 일정이 조금 빡빡하지만 알찼어요 호텔이 정말 맘에 들었어요,"호텔이 관광지와 가까워요
즐길 거리가 다양해요
현지 음식이 맛있어요
가격만큼 가치 있어요
가이드가 열정적이에요"
5,min***,커플여행으로 좋아요,40대,2024.03.19,여행일정도 알차고 일본은 정말 길거리도 호텔도 다깨끗했어용 가이드님도 친절하시고 잘 리드해주시고 꼼꼼히 챙겨주셔서 즐거운여행이였어여,"객실이 깨끗해요
호텔이 시내에 있어요
일정이 알차요
식당이 청결해요
가격만큼 가치 있어요"
4,kim*********,가족여행으로 좋아요,40대,2024.03.18,아이와 첫 해외여행이라 하나투어 패키지로 선택 했어요 아이가 일본여행을 원해 오사카여행으로가게되었는데 가이드님이 일본지식도 많으시고 하나부터 열까지 잘 알려주셔서 여행동안 잘보내다 왔네요 숙소도 작지만 깨끗하고 날씨까지 좋아서 더 좋았던 첫 여행...다음에도 하나투어로 가게될꺼 갔네요~,"객실이 깨끗해요
일정이 여유로워요
현지 음식이 맛있어요
가격이 합리적이에요
가이드가 전문적이에요"
4,rhk*******,가족여행으로 좋아요,60대,2024.03.17,이근호 가이드님이 친절하고 좋았습니다,"호텔이 시내에 있어요
일정이 여유로워요
현지 음식이 맛있어요
가격이 합리적이에요
가이드가 배려 깊고 세심해요"
5,94l**,가족여행으로 좋아요,20대,2024.03.17,"시부모님과 저희 부부, 도련님까지 다섯이서 함께 여행을 계획하게 되었습니다~ 모두가 바빠 자유여행으로 가기엔 계획을 짜기가 부담이 되어서 하나투어 패키지를 알아보다가 이 상품으로 결정하게 되었어요. 패키지 일정 구성이야 홈페이지에 상세 안내가 있어서 모두 찾아보고 살펴본 뒤 우리 가족 취향에 맞는 걸로 고를 수 있었는데, 전체 일정을 이끌어주시는 가이드님은 직접 알아보고 선택하는 게 아니다 보니 떠나기 직전까지 걱정이 되었던 거 같아요. 여행 전날 신랑이 해피콜을 받았는데 친절히 중요한 점들을 안내해 주셔서 1차로 기대가 되었고, ...","객실이 깨끗해요
일정이 알차요
현지 음식이 다양해요
가격이 합리적이에요
가이드가 열정적이에요"
5,jun**********,가족여행으로 좋아요,30대,2024.03.17,가족들과 다같이 가보는 첫 해외여행 일단 가이드님 덕분에 편하고 재밌고 알찬 여행이 되었습니다. 오래전 패키지 여행에 대한 인식이 안좋았는데 역사강의 선생님 처럼 쏙쏙 들어오는 일본의 지리와 역사 일상에 대한 설명도 지루하지 않게 너무 잘해주시고 한분한분 챙겨주시느라 너무 고생 많으셨습니다. 2.3일 짧은 일정에 알찬 스케쥴 이었지만 알차고 너무 재밋게 구경 했습니다. 이번 가이드님과 또 가고 싶을 정도로요ㅎㅎ 부모님도 만족도가 높으셨고 가족이나 부부여행 또는 첫 일본여행 가는 친구들과 모임으로 추천 드려요ㅎㅎ 솔직단점은 패키지의...,"호텔이 관광지와 가까워요
일정이 알차요
가격이 합리적이에요
가이드가 열정적이에요
가이드가 배려 깊고 세심해요"
5,ajm****,가족여행으로 좋아요,20대,2024.03.16,"가이드님께서 꼼꼼하게 전반적으로 체크해주시고 알려주셨고 놓치는 관광지 없이, 교통 숙박 불편없이 잘 구경했습니다","객실이 깨끗해요
일정이 알차요
현지 음식이 다양해요
가격이 합리적이에요
가이드가 열정적이에요"
5,chaeㅇㅇ,가족여행으로 좋아요,40대,2024.03.16,2박3일동안 꽉차고 알찬일정!! 건물 하나하나..거리..옷차림..허투루 스치지않고 정성스럽게 설명해주신 덕에 이동시간도 짧았습니다. 패키지여행의 좋은점을 느껴보네요. 여러도시를 다니면서 교통편 걱정안해도 되고 덤으로 일본역사도 엿볼 수 있어 편안한 시간이었습니다. 기사님도 친절하시고 호텔도 쾌적하고..무엇보다 다음 일본여행에서도 다시 뵙고싶은 김용기가이드님 너무 감사했습니다. 다음엔 사쿠라시즌에 꼭 다시 예약하려합니다.,"객실이 깨끗해요
일정이 알차요
식당이 청결해요
가격이 합리적이에요
가이드가 전문적이에요"
5,egg********,나홀로 여행으로 좋아요,20대,2024.03.16,첫 패키지 여행을 알차게 잘 다녀왔어요. 감사합니다,"객실이 깨끗해요
호텔이 시내에 있어요
일정이 알차요
가이드가 열정적이에요
가격이 합리적이에요"
5,sta******,커플여행으로 좋아요,30대,2024.03.14,"부모님 두분을 2박3일 오사카 여행을 보내드렸는데 정말 잘한거같아요~ 정원숙가이드님 덕분에 일본여행 정말 재밌게 알차게 하고 오셨다고 합니다. 여행일정도 좋고, 정말 좋은 여행이었습니다. 좋은 추억 많이 만들어주셔서 감사합니다.","객실이 깨끗해요
호텔 부대시설이 좋아요
일정이 알차요
현지 음식이 맛있어요
가격이 합리적이에요"
5,cy0***,가족여행으로 좋아요,30대,2024.03.14,처음으로 엄마랑간 해외여행이여서 몇달전부터 패키지를 고심해서골랐어요 여행을 하면서도 하고나서도 너무나 잘골랐다고 엄마한테 칭찬받았습니다^^ 특히 박은영가이드님과 일본현지 버스기사님의 세심한배려로요 여행시작할때부터 돌아갈때까지 너무나감사했습니다^^,"객실이 깨끗해요
일정이 알차요
현지 음식이 맛있어요
가격이 합리적이에요
가이드가 배려 깊고 세심해요"
3,물망초,친구모임으로 좋아요,50대,2024.03.13,"이번 여행은 날씨가 도와주지 않았네요. 두번째날은 비와눈을 맞으며 다니며 ㅋㅋ 이번 가이드님은 연세가 있으신분이었는데 여러곳을 여행 다니면서 이런분은 첨이었던것 같아요.배려심 ,고객에게 인상쓰는거며,말투가 다른팀과 대할때 우리팀과 넘 틀리게 티가 나더군요. 가이드 믿고 간 여행인데 글로다 말을 할순없고 저희 일행은 좀 기분이 나빴답니다. (사람 느끼는 감정은 다 같은것 같아요.다른팀도 공감) 암튼 갔을때 벗꽃이 피어있었음 더 좋았을텐데 넘 아쉬웠고,빡빡한 일정이었지만 나름 같이간 저희 일행들과는 재밌게 보냈으니 그것으로 만...","객실이 깨끗해요
호텔 부대시설이 좋아요
현지 음식이 다양해요
가격만큼 가치 있어요
일정이 알차요"
5,홍종호,가족여행으로 좋아요,50대,2024.03.13,초등학교 친구들과 환갑여행을 갔는데 친절한 가이드와 멋진 관광지가 좋았어요. 그런데 쇼핑을 항상 부담 스러웠어요. 노쇼핑 이런거 있었으면 좋겠네요... 추억이 남는 여행이었어요,"객실이 깨끗해요
일정이 알차요
현지 음식이 맛있어요
가이드가 열정적이에요
호텔 부대시설이 좋아요"
5,sid*****,가족여행으로 좋아요,30대,2024.03.13,처음으로 패키지로 일본을 다녀왔는데 너무 잘 다녀왔어요!! 완전 추천 추천!! 그보다 가이드님이 귀에 쏙쏙 들어오게 설명도 잘해주시고 일본에 대한 정보를 많이 알려 주셔셔 너무 감사 했어요 끝까지 마지막 날 까지 배웅 해주시고 신경 써죠서 감동ㅜㅜ 그리고 일본 기사님도 친절하고 안전운전 덕분에 아무 일탈 없이 잘다녀온거 같아서 항상 고맙습니다~~ 마지막으로 가이드님!!!올해 꼭 성공하세요!!! 화이팅!!!! 좋은 소식 있기를 빌께요.!!,"객실이 깨끗해요
일정이 알차요
현지 음식이 맛있어요
가격이 합리적이에요
가이드가 전문적이에요"
5,alz***,친구모임으로 좋아요,50대,2024.03.12,한민우 가이드님 덕분에 알차고 즐거운 여행을 친구들과 잘 하였습니다 진짜 진짜 감사합니다^^ 다음에 또 뵐 수 있으면 좋겠습니다~~,"객실이 깨끗해요
일정이 알차요
식당이 청결해요
가격만큼 가치 있어요
가이드가 전문적이에요"
5,you******,가족여행으로 좋아요,50대,2024.03.11,코로나이후 5년만의 여행... 설레임과 기대로 떠난 일본 추운 날씨때문에 움츠려 들긴 했지만 간만에 가져보는 여유로 세상 행복했다 여행지에서의 교통사고 ㅠㅠ 그러나 버스 탑승때마다 김민경 가이드님이 안전벨트 할것을 강조했기에 경미한 접촉사고에 우리모두 무사할수 있었다 그리고 18명 모두 일이 잘 마무리 되기를 차분히 기다렸고 난생 처음 일본 경찰을 가까이서 볼수 있는 드문 경험을 했다 어쨌던 그 날의 일정을 잘 마무리했고 별후유증없이 남은 여행도 마칠수 있었다 11월에 인생의 짝꿍을 만나 결혼한다는 김민경 가이드님 덕분에 배려받는...,"일정이 알차요
현지 음식이 맛있어요
가격만큼 가치 있어요
가이드가 전문적이에요
가이드가 열정적이에요"
5,pin***,가족여행으로 좋아요,40대,2024.03.11,"중학생, 초등생 아들과 함께 가족여행갔어요 음식은 밥을 2공기씩 먹을만큼 맛있었어요 고베시 호텔도 깨끗하고 좋았어요 가이드님이 설명해주시는게 큰아이한테는 공부도 되고 좋았어요 날씨만 좀 따라주면 좋았을텐데 9월도 너무 더웠어요 역시 아이들이 좋아했던건 유니버셜이네요 애들이 좀지루할 때쯤 유니버셜을 가니까 너무 좋아했어요 다음엔 여기만 오재요 ㅋ 나또도 처음 먹아봤는데 애들이 신기하기도하고 먹는방법이 재밌어서인지 잘먹더니 지금도 즐게찾는 간식이 됐어요 여행다녀온지 6개월이 됐는데 싸우기도 했지만 좋은 추억이 쌓인것 같아 좋았어요 어디...","객실이 깨끗해요
호텔 부대시설이 좋아요
현지 음식이 맛있어요
가격이 합리적이에요
가이드가 전문적이에요"
5,caf*****,가족여행으로 좋아요,40대,2024.03.11,일본에서 많은 것들을 볼 수 있어서 기뻤습니다 엄청 많이먹었고 일본 역사에 대해 알게됐어요,"호텔이 시내에 있어요
일정이 알차요
즐길 거리가 다양해요
현지 음식이 맛있어요
현지 음식이 다양해요"
5,cjs****,가족여행으로 좋아요,30대,2024.03.11,"부모님 환갑을 맞아 여행 보내드린 자녀입니다. 부모님께 여행 후기를 들어보니 전체적으로 만족하셨다고 합니다. 저에게 꼭 후기를 써달라며... 김민경 가이드 분과 기사님이 친절하시고 좋았다고 칭찬하셨습니다. 특히 어머니가 음식에 예민하셔서 걱정을 했는데 음식이 괜찮았다고 하시네요. 여행 둘째날에 가벼운 접촉사고가 있었나본데요, 부모님은 버스에서 잠자고 계셨는데 클락션 소리 아니었으면 몰랐을 정도로 작은 접촉사고였다고 하네요. 여행에 별 지장이 없는 사고였다고 하시면서 혹여나 가이드, 기사분께 불이익이 갈까 여행 후 걱정하셨습니다. ...","객실이 깨끗해요
일정이 알차요
현지 음식이 맛있어요
가격만큼 가치 있어요
가이드가 배려 깊고 세심해요"
4,woolity,나홀로 여행으로 좋아요,30대,2024.03.11,여유있는 일정에 좋았어요,"일정이 여유로워요
즐길 거리가 다양해요
현지 음식이 맛있어요
가이드가 배려 깊고 세심해요"
5,not*******,아동동반 여행으로 좋아요,40대,2024.03.10,즐겁게 잘 다녀왔습니다. 단.. 아쉬운 점은 오사카 마라톤 대회때문에 일정이 바뀌어서 예전 일정이었으면 어땠을까 하는~ 아쉬움.. 가지 못했던 일정때문에~ 그리고. 오사카공항에서 지갑을 놓고 왔는데( 도착해서 앎)~ 가이드 분이 오사카공항에 전화해서 직접 찾아가 보내주셨어용.. 넘~~ 감사드려요..,"호텔이 관광지와 가까워요
일정이 알차요
현지 음식이 맛있어요
가격이 합리적이에요
가이드가 전문적이에요"
4,MiMi,커플여행으로 좋아요,50대,2024.03.09,가성비 좋은 여행이었습니다,"객실이 깨끗해요
가격이 합리적이에요"
5,srp****,친구모임으로 좋아요,60대,2024.03.08,경험이 많은 가이드 덕분에 알차고 기다림없이 잘 구경할 수 있었습니다. 음식도 좋았습니다.,"호텔이 관광지와 가까워요
일정이 알차요
현지 음식이 맛있어요
가격이 합리적이에요
가이드가 전문적이에요"
5,hsyk012,아동동반 여행으로 좋아요,50대,2024.03.08,"오사카에서 숙박호텔이 도톤보리에서 가까웠으면 했는데,자유일정시 왔다갔다 시간이 벅차더라구요ㅎㅎ 패키지 관광지에서 거리이동시 따라 걷기 조금 힘들었어요. 성장기 중2아들에게는 식사량들이 모두 부족했어요. 개인경비 지불해서 먹을수 있도록 차선책이 마련되면 좋겠네요. 저녁에 편의점 음식으로 또 식사를 하더라구요. 그외는 가이드님 알찬 설명과 관심에 박수 보내드립니다~^^","일정이 알차요
가이드가 열정적이에요"
5,you*********,가족여행으로 좋아요,40대,2024.03.08,"이것은 패키지인가? 자유여행인가? 자유여행을 원하지만 겁많은 쫄보인 저에게 딱인 패키지였어요. 김선희 가이드님의 친절하고 전문적인 설명을 들으며 간 오사카,교토, 고베~~ 오사카 도톤부리에서 자유시간을 충분히 (3시간 이상)주셔서 쇼핑도 하고 맛있는 음식도 실컷 먹었어요. 오사카성에서도 자유시간 2시간 이상 주셔서 천수각까지 올라갔다와서 정말 뜻깊었어요~ 교토에서도 자유시간을 주셔서 유네스코세계유산인 청룡사까지 다녀와서 남들과 다른 더 업그레이드된 패키지를 다녀온 것 같아요. 이번 여행의 여운이 오래갈 것 같습니다.♡ 또 가고...","객실이 깨끗해요
즐길 거리가 다양해요
현지 음식이 맛있어요
가격이 합리적이에요
가이드가 전문적이에요"
5,nat****,친구모임으로 좋아요,50대,2024.03.07,편안하고 즐겁고 재미있는 여행 이었습니다... 특히 김경란 가이드님의 유쾌한 에너지 덕분에 3일 내내 더욱더 행복하고 즐거웠던 여행 이었습니다. 감사합니다. 역시 믿고 가는 NO 1... 하나투어 입니다.,"객실이 깨끗해요
호텔이 시내에 있어요
일정이 알차요
가이드가 재밌어요
가이드가 전문적이에요"
5,enc****,가족여행으로 좋아요,40대,2024.03.07,아들과 단둘이 첫 해외여행이라 주변에서 좋겠다는 이야기는 들었지만 둘다 여행을 다녀본적이 없어서 걱정이 많았는데 김포공항에서 가이드님 뵙고 걱정할것 없겠다는 느낌이 들었습니다 젎으신데 경력도 많으시고 버스타고 다닐때 재미있는 일본이야기들로 이동중간에 시간 가는줄 몰랐습니다. 궁금한거 있으면 바로바로 답변해주시고 전혀 불편함 없이 여행했습니다.~~~ 김유정 가이드님 감사합니다 덕분에 아들과의 즐거운 추억을 불편함 없이 마무리 했네요^~^ 어제 오자마자 후기 쓰려고 했는데 하루 지나야 써지더군요 하나투어라 믿을수 있고 또 좋은 가이...,"호텔 부대시설이 좋아요
가이드가 전문적이에요
가이드가 열정적이에요
가이드가 배려 깊고 세심해요
가이드가 재밌어요"
4,jun******,커플여행으로 좋아요,50대,2024.03.06,가이드 님도 친절하시고 여행도 알차게 잘다녀왔었요,"호텔에서 쉬기 좋아요
일정이 여유로워요
현지 음식이 맛있어요
가이드가 배려 깊고 세심해요"
3,ohm*****,친구모임으로 좋아요,50대,2024.03.06,상품 가격에 비해 식사가 너무 형편 없었습니다 ㅠ,"객실이 깨끗해요
일정이 여유로워요
가이드가 열정적이에요"
1,huf*****,아동동반 여행으로 좋아요,40대,2024.03.06,"첫날 인천공항에서 발권하는데 아들 이름이 아예 잘못입력되어 진행안된다고함(나머지인원이라도 갈거냐고 물어보심) 하나투어 담당자 연락불가, 가이드는 표를 다시 사보라고함. 이래저래 한시간기다려서 원래 피치항공에서는 안해준다는 네임 체인지해서 발권함 여행기간 및 다녀와서까지 하나투어는 항공사가 오류입력했다며 본인은 잘못이 없다는데 누가 실수를했건 여행사에서 예약결과를 다시한번 확인하는게 당연하다고 생각함 가이드도 친절하시고 일정은 잘 마쳤지만 다음에는 하나투어 이용 안할랍니다 메이저여행사가 최고라고 믿었던 점 패키지니까 아무걱정...",객실이 깨끗해요
4,cap*****,가족여행으로 좋아요,40대,2024.03.05,아이들과 여행하기 좋은 프로그램과 코스로 만족했습니다,"객실이 깨끗해요
호텔이 시내에 있어요
호텔 부대시설이 좋아요
일정이 알차요
현지 음식이 맛있어요"
5,ssh****,가족여행으로 좋아요,40대,2024.03.05,해외여행 초보인 5인가족입니다. 패키지선택은 정말 잘한것같아요 추정임가이드님 출발부터 여행내내 함께해주시고 설명도 술술~ 감사했어요. 아이들모두 행복한시간 이였습니다.♡,"객실이 깨끗해요
호텔이 시내에 있어요
일정이 알차요
식당이 청결해요
가이드가 전문적이에요"
5,jer*******,가족여행으로 좋아요,40대,2024.03.05,"2월 방학 막바지에 떠난 가족여행 너무 만족스러워서 후기남깁니다. 3박4일 오사카, 고배, 아리마온천, 난바 일대를 돌았는데 하루하루 너무 알차고 매끄러운 일정에 감동했습니다. 이선규 가이드님의 전문적이고 재미있는 설명에 빠져들었고요, 단순히 관광지 구경에 그치는것이 아니라 일본문화와 역사까지 두루두루 알게되는 계기가 되었습니다. 꼼꼼하게 빈틈없이 일정 소화해 내시는 모습이 정말 멋졌어요! 제 아이들도 내내 예뻐해주시고, 여행 함께 하신 일행분들께도 감사드려요. 다시 일본에 간다면 꼭 이선규 가이드님 프로그램에 참여하고 싶어요....","일정이 알차요
즐길 거리가 다양해요
현지 음식이 맛있어요
가격만큼 가치 있어요
가이드가 배려 깊고 세심해요"
5,057***,가족여행으로 좋아요,60대,2024.03.03,김현태가이드님 덕분에 재미있고 즐거운 여행이었어요~ 고맙습니다~^^*,"객실이 깨끗해요
일정이 알차요
현지 음식이 맛있어요
가격만큼 가치 있어요
가이드가 열정적이에요"
5,rin*****,가족여행으로 좋아요,30대,2024.02.29,엄마 환갑여행으로 가족이 다녀왔어요! 팀이 많지않아 복잡하지않았고 메뉴도 현지식으로 다양하게 잘나왔어요 일정은 적당히 걷고 자유시간도 많이 줘서 좋은기억으로 남을 것 같아요 이번에 여행가이드로 만난 김수정 가이드님도 세심하시고 정보 많이 알려주시고 나긋나긋하신 성격으로 편하게 잘 다녀왔습니다 또 만나고싶어요🫶🏻,"일정이 알차요
객실이 깨끗해요
가이드가 배려 깊고 세심해요
가격만큼 가치 있어요
현지 음식이 다양해요"
5,saf******,가족여행으로 좋아요,40대,2024.02.28,가이드도 친절하고 일정이 알차고 좋았습니다.,"객실이 깨끗해요
일정이 알차요
현지 음식이 맛있어요
가격만큼 가치 있어요
가이드가 전문적이에요"
5,yhm****,가족여행으로 좋아요,50대,2024.02.28,비오고 흐려서 날씨가 좀 아쉬웠지만 일정이 알차고 가이드님이 전문적으로 유익한 정보도 주시고 사람이 붐비는 상황에서도 잘 배려해주시고 챙겨주셔서 일정도 무리없이 즐거웠습니다 자유 일정도 포함되어 오사카는 여유롭게 맛집도 가보고 행복한 여행이였습니다 가이드님 다시한번 감사드립니다~,"객실이 깨끗해요
즐길 거리가 다양해요
현지 음식이 맛있어요
가격이 합리적이에요
가이드가 배려 깊고 세심해요"
4,yol*****,가족여행으로 좋아요,50대,2024.02.28,오사카 역사를 쉽고 재미있게 설명해주시고 늘 세심하게 챙겨주신 가이드님께 깊이 감사드립니다. 미인이신 안인숙가이드님 최고였습니다!!!,"호텔 부대시설이 좋아요
일정이 여유로워요
가이드가 배려 깊고 세심해요"
5,rai*******,가족여행으로 좋아요,40대,2024.02.26,2박3일동안 너무 재미있게 보냈어요~ 짧은기간동안 유명한도시를 돌수있고~ 가이드님도 섬세하고 잘챙겨주시고~~ 아이들이 더 좋아했어요~~~,"호텔이 시내에 있어요
일정이 알차요
현지 음식이 맛있어요
가이드가 전문적이에요
가이드가 배려 깊고 세심해요"
1,wyj****,기타,20대,2024.02.25,다신 하나투어 이용 안 하고 싶네요. 대기업 믿고 예약하고 솔직히 다른 투어 저렴하고 좋은 일정 많은데 비싸도 하나투어니까 예약했는데 이게 뭘까 싶음 인솔자는 미팅부터 화내고 말투 기분 나쁘게 다 해놓음 누구 한명 제대로 똑바로 챙기지도 않고 ㅋㅋ 설명도 제대로 못 함 ㅋㅋㅋㅋ 그리고 일본 저희가 어케 다 알아요? 자유시간 줘놓고 뭐 추천도 안 하고 밥집도 대충~ 대~충 롯코산도 대~~~충 비 오는데 계속~~ 걷고~ 다른 분들 나 나이대 있는데 걸음은 진짜 빠르게 걷고 ㅋㅋ 공항에서 직원이 다른 곳으로 가라고 해서 갔더니 왜 가냐고...,
4,soo********,가족여행으로 좋아요,50대,2024.02.25,오랜만에 일본여행 좋았습니다 가이드님 친절하시고 날씨가 춥고 비가와서 아쉬웠지만 즐거웠어요 가이드님 친절하시고 하나투어 최고예요 👍,"가격이 합리적이에요
가이드가 전문적이에요
호텔이 시내에 있어요
현지 음식이 다양해요
일정이 알차요"
4,mng****,아동동반 여행으로 좋아요,40대,2024.02.25,아이와 함께 즐거운 여행 했습니다. 기대이상 좋아요,"객실이 깨끗해요
호텔 부대시설이 좋아요
호텔이 관광지와 가까워요
호텔이 시내에 있어요
즐길 거리가 다양해요"
5,see*****,가족여행으로 좋아요,40대,2024.02.24,어머님이 천식.협심증있어 잘걷지 못하셨는데 가이드님이 휠체어까지 대여해주시고 세심한배려 너무감사했어요 가이드님이 설명을 얼마나 잘해주시는지 많은걸 알고왔네요 지루할 틈도없이 재미있는이야기도 해주시고 가이드님이 지식도 얼마나 많으신지 일본문화를 다시 알게되었네요 조만간 친정엄마와 일본 여행계획이 있는데 그때도 가이드님이 였으면 좋겠네요 알차고 즐거운 여행이었습니다 감사했고 수고하셨습니다^^,"호텔이 관광지와 가까워요
일정이 알차요
현지 음식이 다양해요
가격이 합리적이에요
가이드가 배려 깊고 세심해요"
5,coa*****,가족여행으로 좋아요,40대,2024.02.23,가족과 함께한 첫 가족여행 너무 행복했습니다,"호텔이 관광지와 가까워요
호텔 부대시설이 좋아요
일정이 여유로워요
현지 음식이 맛있어요
가격만큼 가치 있어요"
5,cam*********,친구모임으로 좋아요,60대,2024.02.23,"어제 밤에 도착했는데 호텔 조식이 생각나는 아침입니다. 2박3일간 일행 모두가 즐겁고 만족한 여행이었어요. 특히 박미자 가이드님 전문적이고 세심한 배려 덕분에 힐링이 된 여행, 감사합니다.","객실이 깨끗해요
현지 음식이 맛있어요
가격만큼 가치 있어요
가이드가 배려 깊고 세심해요"
4,cs2***,가족여행으로 좋아요,50대,2024.02.22,출발시간이 좀더 빨라으면 좋았을것 같아요 출발 비행가가 연착이 되어 첫날 일정이 좀 아쉬웠네요 하지만 전반적으로 좋았어요 김미림 가이드님 좋았어요,"호텔이 시내에 있어요
즐길 거리가 다양해요
현지 음식이 맛있어요
가격이 합리적이에요
가이드가 전문적이에요"
5,zid**,가족여행으로 좋아요,40대,2024.02.22,가족여행으로 다녀왔어요.가이드분께서 설명도 자세하고 알차게 해주셔서 현지를 이해하는데 도움이 많이 됐어요.알찬 일정으로 여행 내내 즐거웠습니다.2박3일이 너무 아쉬워 다음 여행은 3박4일이나 5박6일로 알아보려구요.호텔도 깨끗하고 부대시설도 좋았어요.조식도 너무 맛있었구요.온천으로 하루 피로를 풀기도 좋았어요.다음 여행도 하나투어와 함께하고 싶어요.,"호텔 부대시설이 좋아요
일정이 알차요
현지 음식이 맛있어요
가격이 합리적이에요
가이드가 열정적이에요"
5,hak*******,가족여행으로 좋아요,50대,2024.02.21,"오사카, 교토, 고베 도시마다 분위기가 달라 다양한 볼거리가 있었고, 권해옥가이드님이 세심하게 잘 케어해주셔서 좋은 여행되었습니다","호텔이 관광지와 가까워요
일정이 알차요
즐길 거리가 다양해요
현지 음식이 다양해요
가이드가 배려 깊고 세심해요"
5,o8o***,가족여행으로 좋아요,20대,2024.02.20,김대환 가이드님 열정적으로 저희들에게 하나라도 더 알려주고 싶어하시고 항상 웃으시면서 배려해주시는 모습이 정말 감동적이었습니다! 또 전문적인 모습을 많이 보여주셔서 더욱 든든했습니다ㅎㅎ 가이드님 덕분에 알차고 즐거운 여행이 되었습니다 여행 코스도 전부 힐링되고 넘 좋았어요 감사합니다~,"호텔이 관광지와 가까워요
가이드가 열정적이에요
가이드가 전문적이에요
가이드가 배려 깊고 세심해요
가이드가 재밌어요"
5,bakerypk,가족여행으로 좋아요,50대,2024.02.19,가이드의 노고에 감사드리며 성심을 다하는 하나 투어에 깊은 감동을받았습니다,"호텔이 시내에 있어요
일정이 여유로워요
현지 음식이 맛있어요
가격만큼 가치 있어요
가이드가 전문적이에요"
5,hye***,가족여행으로 좋아요,40대,2024.02.18,여유가있는 스케쥴이었습니다. 무리없이 잘 즐기고 왔습니다. 감사합니다,"객실이 깨끗해요
일정이 여유로워요
현지 음식이 맛있어요
가이드가 배려 깊고 세심해요
가격이 합리적이에요"
5,ipp*********,아동동반 여행으로 좋아요,40대,2024.02.17,재미있고 기억에 남는 여행이었습니다.,"객실이 깨끗해요
즐길 거리가 다양해요
현지 음식이 맛있어요
가이드가 전문적이에요"
5,keo*****,가족여행으로 좋아요,50대,2024.02.17,가이드가 전문적이고 섬세하게 이끌어서 여유있게 여행함 여행은 자유로 하면 고생이고 패키지로 해야 알찬것 같음,"객실이 깨끗해요
일정이 알차요
현지 음식이 다양해요
가격만큼 가치 있어요
가이드가 전문적이에요"
5,mij****,가족여행으로 좋아요,40대,2024.02.17,처음가는 일본여행이라 패키지상품을 알아보던중 여행사 다니던 언니의 추천으로 이상품으로 결정하게 됐어요. 숙소 식사 다 만족했구요. 특히 베테랑의 품격이 느껴지는 이용호가이드님 덕분에 편안하게 여행을 즐길 수 있었습니다. 다음 여행도 하나투어와 함께 할거 같아요.,"객실이 깨끗해요
일정이 알차요
현지 음식이 맛있어요
가이드가 전문적이에요
가이드가 배려 깊고 세심해요"
4,jij******,친구모임으로 좋아요,30대,2024.02.16,일본 여행 너무나 좋았지만 폭염이여서 힘들었어요. ㅠㅠ 일정도 생각보다 조금이라도 여유 있었고 자유시간도 적당한 시간도 주셔서 좋았지만 가이드님이 설명 부분부분 부족한게 아쉬웠네요 ㅠㅠ,"객실이 깨끗해요
일정이 여유로워요
현지 음식이 맛있어요
가격이 합리적이에요
가이드가 재밌어요"
3,joo****,가족여행으로 좋아요,40대,2024.02.14,제품조금아쉬워습니다.구성이요.하지만.함순희가이드님.너무좋았습니다.,"객실이 깨끗해요
가이드가 배려 깊고 세심해요"
3,kocomguy75,가족여행으로 좋아요,40대,2024.02.13,3일차 고베일정은 상품에서 빼도 될듯합니다 고베관광은 별로 의미없고 모자이크에서 시간때우기만 합니다. 2박3일로 해도 충분한 상품인거 같애요,호텔 부대시설이 좋아요
5,iis*******,가족여행으로 좋아요,50대,2024.02.13,일본역사 한국사 박학다식하신 안대일님 덕분에 소중한시간 잘 보냇습니다 단순한 안내를넘는 깊이있는 설명에 감사드립니다.,"현지 음식이 맛있어요
가이드가 전문적이에요
호텔이 시내에 있어요
일정이 알차요
가격만큼 가치 있어요"
3,sny*******,가족여행으로 좋아요,30대,2024.02.13,패키지 갈지 자유여행 갈지 고민하시는 분이 있으시면 대중교통 잘 되어있으니 그냥 자유여행가세요. 30분 둘러보고 1시간 이동하고 이게 반복되는데 여유롭게 즐기지 못합니다. 그리고 가이드복도 있어야는데 저희쪽에 배정된분은 좀 꼬여있어서 별로였네요.,"호텔이 관광지와 가까워요
호텔이 시내에 있어요
객실이 깨끗해요
현지 음식이 맛있어요
즐길 거리가 다양해요"
5,Sam,가족여행으로 좋아요,40대,2024.02.13,"초등학생 아들과 함께한 첫 해외여행이었습니다. 박종석 가이드님의 꼼꼼하고 세심한 배려, 그리고 전문가 다운 상세한 해설과 안내 덕분에 좋은 추억 많이 만들었습니다. 박종석 가이드님 정말 고생 많으셨습니다. 감사합니다. ^^","가이드가 전문적이에요
가이드가 열정적이에요
가이드가 배려 깊고 세심해요
가이드가 재밌어요
객실이 깨끗해요"
5,hoc****,가족여행으로 좋아요,30대,2024.02.13,처음 일본 여행으로 정말 다양한 곳에 알차게 다녀왔어요. 오사카 지역을 전체적으로 알게되서 좋았습니다.,"호텔이 시내에 있어요
일정이 알차요
식당이 청결해요
가이드가 전문적이에요"
5,heat1945,가족여행으로 좋아요,50대,2024.02.09,알찬 일정으로 재미있게 보내고 왔네요 하나투어 가이드 윤선희님 감사합니다,"객실이 깨끗해요
호텔이 관광지와 가까워요
호텔이 시내에 있어요
일정이 알차요
현지 음식이 맛있어요"
5,ohhamsoo7,가족여행으로 좋아요,50대,2024.02.09,일본 여행 처움이였는데 볼거리도 많고 제미 있어요.,"호텔이 시내에 있어요
가이드가 전문적이에요
가이드가 열정적이에요
가이드가 배려 깊고 세심해요
가이드가 재밌어요"
5,tng****,가족여행으로 좋아요,50대,2024.02.09,진짜 가이드 분이 이렇게 중요하구나 느낀 여행입니다. 물론 구성도 좋았지만 가이드 분이 여러 군데 다 따라다니면서 일일이 현지인이라면 모를만한 재밌고 유익한 정보를 알려준게 너무 좋았습니다. 차에서도 쉬지않고 고객들 재밌게 애써주신 것도 기억에 남네요. 형이랑 둘이 갔는데 이런 가이드 분을 만난게 행운같습니다. 문쿤 가이드님 앞으로도 꽃길만 걸으세요. 이런 리뷰 원래 안쓰는데 가이드 분이 너무 인상깊어서 씁니다,"일정이 알차요
가이드가 전문적이에요
가이드가 열정적이에요
가이드가 배려 깊고 세심해요
가이드가 재밌어요"
4,adv****,가족여행으로 좋아요,40대,2024.02.08,온천여행 너무 좋았어요.ㅋ,"호텔 부대시설이 좋아요
일정이 알차요
현지 음식이 맛있어요
가격이 합리적이에요
가이드가 열정적이에요"
5,프림한스푼,가족여행으로 좋아요,40대,2024.02.08,"오랜만에 패키지여행 이었습니다. 출국전 갑작스럽게 일이 생겨 큰애는 못가게 되었지만, 다녀오길 잘했다고 생각될만큼 좋았습니다. 3일동안 고베, 오사카, 교토에 나라... 현대와 과거, 멋진 경관, 쇼핑천국, 사슴과의 교류까지... 중당인 딸아이도 너무 재미있었다고 하고, 가족여행으로 참 좋은 상품입니다. 다만 일정이 너무 타이트 할까 걱정 했는데, 가이드님의 역량이 뛰어나서 무리없이 진행되었습니다. 즐겁고 행복한 시간이었습니다. 첫날 공항미팅때도 서류를 꼼꼼히 챙겨 주시고, 요소요소에서 멋진 가족 사진까지 찍어주셔서 감사합니...","호텔이 시내에 있어요
일정이 알차요
즐길 거리가 다양해요
현지 음식이 다양해요
가이드가 배려 깊고 세심해요"
5,jmu****,가족여행으로 좋아요,50대,2024.02.07,김성숙가이드님 덕분에 안전하고 즐거운 여행이었습니다. 기회된다면 다음번에 또 뵙고 싶네요^^,"객실이 깨끗해요
일정이 알차요
식당이 청결해요
가격만큼 가치 있어요
가이드가 배려 깊고 세심해요"
5,lov********,가족여행으로 좋아요,40대,2024.02.07,"여행기간 가이드님의 지루할 틈 없는 전문적이고열정적이며, 그림을 곁들인 설명과 역사적 사실에 근거한 장소에 대한 한국인으로서 가져야할 마음가짐, 여행 중간 길을 잃어 헤매일때도 당황히지 않도록 여행자들에 대한 세심한 배려로 좋은 여행을 다녀왔습니다. 2박3일이 딱 좋은거 같습니다. 체력도 그게 맞는거 같고요. 다음에 또 가고싶은 생각이드네요~~ 문쿤(문호균) 가이드님! 수고 많으셨습니다 좋은 추억에 동행해 주셔서 평생 기억에 남을것 같습니다 항상 건강하시고 다른 분들께도 좋은 추억 많이 만들어주세요~~^^","가이드가 전문적이에요
가이드가 열정적이에요
가이드가 배려 깊고 세심해요
일정이 알차요
호텔이 시내에 있어요"
5,sky******,가족여행으로 좋아요,40대,2024.02.06,이번 오사카의 정말 즐거웠습니다. 기억에 많이 남고요. 생각보다 힘들지 않았어요. 볼 것도 많고 즐길거리도 있어서 아이와 함께한 여행인데 아이도 즐거워했어요. 이현서 가이드 정말 배려심 깊고 좋은 여행자 가이드 역할을 해주셔서 즐겁고 편안하게 잘 다녀왔습니다. 저희 가족들 모두 행복했습니다 음식도 눈으로 보기에도 너무 예쁘고 주변 뷰도좋았어요 맛은 말할것도 없구요,"일정이 여유로워요
현지 음식이 맛있어요
가격이 합리적이에요
호텔이 관광지와 가까워요
가이드가 배려 깊고 세심해요"
5,kgo**,가족여행으로 좋아요,40대,2024.02.04,즐거운 여행이었습니다,"객실이 깨끗해요
일정이 알차요
현지 음식이 맛있어요
가이드가 전문적이에요
가격이 합리적이에요"
4,jjs***,가족여행으로 좋아요,50대,2024.02.03,소수인원 팀만 다니다가 첨으로 30명이 가까운 인원이 움직이다보니 시간적으로 타이트 했는데 정원숙 가이드님이 잘 이끌어 주셔서 잼있는 여행이었어요. 일본은 얼큰함과 반찬문화가 우리랑 달라서 좀 힘들었어요. 쇼핑시간이 넘 짧아서 아쉬웠어요.,"객실이 깨끗해요
일정이 알차요
식당이 청결해요
가격이 합리적이에요
가이드가 전문적이에요"
5,ces****,가족여행으로 좋아요,40대,2024.02.01,아빠와 함께하는 여행이라 좀더 다양하지만 또 일정이 너무 빡빡하지 않은 코스로 선택했습니다 . 정말 잘한선택인거 같아요 고베 교토 나라 로 이동시간이 정말 길어야1시간 30분인데 그렇게 느껴지진 않습니다. 호텔이 변경되었지만 주변에 지하철역이 도보 5분컷이고. 드럭스토어도 있고 무엇보다 호텔14층엔 대욕장(목욕탕) 이 있고 1층엔 편의점이 있었습니다. 가이드님께서 꼭 가서 피곤한 몸 피로 풀라고 하셨는데 정말 따뜻한 물에 담그니 다리 피로가 사라지네요^^ 저희팀이 9팀에 인원이 25명 인데 시간을 잘 지켜주고 무엇보다 ...,"호텔이 시내에 있어요
일정이 알차요
현지 음식이 맛있어요
가격만큼 가치 있어요
가이드가 전문적이에요"
5,jun********,가족여행으로 좋아요,40대,2024.02.01,이근호가이드님 닌텐도 동숲 너구리아저씨와 닮은 귀여운외모에 쉬지않고 일본역사와 가는곳곳 배경도 너무 잘 설명해 주셔서 같이간 중학생아이가 너무 재미있었다고해요.유도리있게 일정 진행해주시고 포인트포인트 잘집어주셔서 즐겁게다녀왔어요 감사합니다,"호텔 부대시설이 좋아요
호텔이 시내에 있어요
일정이 알차요
현지 음식이 맛있어요
가이드가 전문적이에요"
4,sun*******,가족여행으로 좋아요,40대,2024.02.01,자유여행만 다니다가 아이들과 함께 가야해서 패키지를 처음 가봤는데 기대 이상이었습니다^^ 가이드님이 노련하시고 유연하셔서 도톤보리에서 여유시간도 생각보다 많이 주셔서 좋았습니다 호텔측 실수로 가족이 다른층으로 배정되었는데 가이드님이 체크인 전에 옆방으로 바로 처리해주시고~ 여행 중간중간 쇼핑팁까지 알려주셔서 짧지만 너무 알찼네요 숙소 위치도 도톤보리에서 전철 두코스 정도로 가깝고 칫솔 치약 샴푸 빗 등 어메니티가 다 있어서 짐을 줄일 수 있어서 좋았습니다 교토는 아기자기하니 너무 좋았고 도톤보리 일정도 좋아서 아이들도 저도 ...,"객실이 깨끗해요
일정이 알차요
식당이 청결해요
가격이 합리적이에요
가이드가 배려 깊고 세심해요"
2,jim********,기타,10대,2024.01.31,쇼핑 설명이 제일 인상깊었고 도톤보리만 세 번 가서 지루했어요,
5,jyp****,가족여행으로 좋아요,20대,2024.01.30,* 여행 1일차 비행기 문 고장으로 지연되서 좀 늦게 도착했다. 도톤보리에 갔는데 사람이 많았다. 김미림 가이드님이 친절하게 설명해주시며 도톤보리 거리로 갔기 때문에 신나게 갔다. 첫 날은 자유식이라서 얼른 이치란라멘을 먹으러 별관으로 향했다. 저녁시간 쯤이라 사람이 많아 웨이팅 줄이 길었지만 그만한 가치가 있는 음식이었다. 또 먹으러 가고 싶고 다 먹고 쇼핑을 하려 했지만 계산줄이 너무 길었기 때문에 포기하고 타코야끼를 먹었다. 호텔 주변에 편의점도 많아서 라면과 푸딩 등 여러 먹을 거리와 맥주를 샀고 호텔에 가서 먹으며 하루를 ...,"호텔 부대시설이 좋아요
일정이 알차요
현지 음식이 맛있어요
가격이 합리적이에요
가이드가 배려 깊고 세심해요"
5,pp1***,가족여행으로 좋아요,50대,2024.01.30,"가족과 함께한 여행, 다른 팀들도 좋은 분들 만나서 더 좋았고 가이드님도 굿이었습니다~ 도톤보리 또 가고 싶네요 ~^^ https://m.blog.naver.com/road_up/223342984304","호텔이 시내에 있어요
즐길 거리가 다양해요
현지 음식이 맛있어요
가이드가 배려 깊고 세심해요"
2,mia*****,친구모임으로 좋아요,40대,2024.01.30,현지식이라고 하지만 너무 짜고 중복되는 메뉴가 많아서 먹기 힘들었습니다. 이름만 다를 뿐 왔던 곳을 또 가거나 일정 관리가 매우 비효율적이었고 시간 배분도 많이 아쉬웠습니다. 비싼 돈에 비해 주요 관광지를 보지 못 해 아쉬웠어요. 그러나 둘째 날 호텔은 부대시설도 좋고 객실 상태도 매우 좋았습니다.,"객실이 깨끗해요
호텔 부대시설이 좋아요"
5,kim*****,가족여행으로 좋아요,60대,2024.01.29,이병찬 가이드님을 만나 너무 좋은 가족여행이 됐습니다. 전문적 상세한 설명과 사려깊은 배려 및 친근감 넘치는 행동 하나하나가 가족같은 느낌이 들 정도로 최선을 다하시는 모습이 제 머리속에 강열하게 기억되게 하시는 흠잡을데 없는 가이드로써 다음에도 이런분을 만나기를 기대합니다. 10여군데 해외여행을 했어도 이병찬가이드와 비교 할 만한 분은 만나지 못했지요. 이번 2박3일 일본가족여행은 최고였읍니다. 이병찬 가이드님! 고맙습니다. 올해 꼭 예쁜아가씨와 결혼하세요~~ 건강하시고 항상 화이팅입니다. 김원구 올림.,"객실이 깨끗해요
일정이 알차요
현지 음식이 맛있어요
가격이 합리적이에요
가이드가 전문적이에요"
5,tae****,아동동반 여행으로 좋아요,40대,2024.01.28,"아이들과 1/22 에 오사카 여행을 다녀왔습니다 울산에서 인천공항까지 가야했지만 구성이 너무 알차서 또 가고싶습니다 나라, 고베, 오사카 유니버셜까지 핵심 지역을 대부분 다녀왔고 특히 고현주 가이드님께 너무 감사했어요 ^^ 친절한 설명과함께 배려를 많이해주셔서 저처럼 아이들 데리고간 팀들이 다 좋아했어요 즐거운 여행이었습니다❤️","호텔이 관광지와 가까워요
호텔이 시내에 있어요
일정이 알차요
즐길 거리가 다양해요
가이드가 전문적이에요"
5,ros******,가족여행으로 좋아요,40대,2024.01.28,김미영 가이드님 너무너무 감사해요~~ 2박3일.. 새벽에 출발해서 밤에 도착하는 빡센 일정이었지만 저같은 직장인에겐 최고의 여행이었어요~~ 그 빡센 일정 가운데 피곤한 티 전혀없이 버스에서 내내 설명해주시는 김미영 가이드님 최고였어요~~~!!!! 가는 곳마다 역사며 문화며 배경지식 다 얘기해주시는데... 자유여행 안하고 패키지 선택하길 정말 잘했다고 생각했어요~~ 수화물 찾는데도 끝까지 함께해주신 김미영 가이드님 정말 감사합니다~~~~ 경황이 없어 감사의 마음을 전하지 못한게 아쉽네요~~~~ 언제나 건강하시고 덕분에 피곤할 틈이 없...,
5,bic*********,가족여행으로 좋아요,40대,2024.01.28,처음 가는 일본 오사카 여행 김미림 가이드님 덕분에 아들과 좋은추억 만들었습니다. 감사합니다.,"객실이 깨끗해요
일정이 알차요
현지 음식이 맛있어요
가격만큼 가치 있어요
가이드가 배려 깊고 세심해요"
5,fin********,가족여행으로 좋아요,10대,2024.01.27,김미림 가이드님 덕분에 더욱더 알찼던 여행. 3일이라는 짧은 시간을 매우 알차게 보낼 수 있었습니다.,"가이드가 전문적이에요
가이드가 열정적이에요
일정이 알차요
가이드가 재밌어요
가이드가 배려 깊고 세심해요"
4,78m***,가족여행으로 좋아요,40대,2024.01.27,가족여행 즐거웠어요 가이드님도 굿,"즐길 거리가 다양해요
현지 음식이 맛있어요
가격만큼 가치 있어요
가이드가 전문적이에요
가이드가 배려 깊고 세심해요"
4,cis*****,가족여행으로 좋아요,40대,2024.01.27,빡빡했지만 오랜만에 패키지 즐겼습니다 일본좋네요 다음에 또 가고싶어요,"호텔이 시내에 있어요
현지 음식이 맛있어요
식당이 청결해요
가격이 합리적이에요
객실이 깨끗해요"
5,jja******,가족여행으로 좋아요,60대,2024.01.23,정경선 가이드님 넘 열정적이고 섬세하고 모든 면에 설명도 잘 해주시고 시간체크 모임시간등일일이 문자 주시고 배태랑 답게 완벽해서 더 할 나워 없는 만족스런 일본 여행 였습니다~~,"객실이 깨끗해요
호텔이 관광지와 가까워요
호텔이 시내에 있어요
일정이 알차요
현지 음식이 맛있어요"
5,hkoh7,가족여행으로 좋아요,50대,2024.01.23,가이드분 설명도 잘해주시고 패키지지만 저녁시간은 여유롭게 도시 이곳 저곳을 돌아 볼수 있어서 좋았습니다,"호텔이 시내에 있어요
일정이 여유로워요
현지 음식이 맛있어요
가이드가 재밌어요"
4,aer******,가족여행으로 좋아요,40대,2024.01.22,알찬여행이었어요 날씨만 더 좋았더라면 하는 아쉬움이 있네요,"즐길 거리가 다양해요
가격만큼 가치 있어요
가이드가 전문적이에요
가이드가 열정적이에요"
5,lhw***,가족여행으로 좋아요,40대,2024.01.22,"오사카 3박4일의 알찬 패키지였습니다. 개인끼리 오사카 여행 다녀온 직장 후배들과 후기를 이야기해보니 정말 괜찮은 여행이었습니다. 저희 인솔자이신 고영주 가이드께서 오사카,고베 역사부터 지리까지 선생님 같이 자세한 설명 감사했습니다. 3박4일동안 많은 경험과 즐거움이 가득했습니다.","즐길 거리가 다양해요
호텔이 관광지와 가까워요
현지 음식이 맛있어요
가격이 합리적이에요
가이드가 전문적이에요"
5,jin****,가족여행으로 좋아요,40대,2024.01.22,"일본은 가깝고 짧은 일정이라 손쉽게 갈 수 있어서 좋은 것 같아요, 이번 여행은 2박3일이지만 가는 날 아침에 출발, 오는 날 저녁에 도착 이어서 매우 알차게 일정을 보낼 수 있어서 좋았어요 특히 민지수 가이드님이 해박한 전문지식과 설명으로 마치 역사선생님의 강의를 듣듯이 재미있게 일본역사를 알 수 있었고요, 이렇게 사전에 시의적절하게 문자와 안내를 해주시고, 버스에서 지도를 펼쳐서 설명해주시고, 가는 곳곳마다 자세하게 안내해주시는 가이드님은 처음 만난 것 같아요 민지수 가이드님 덕분에 여행이 편안하고 즐거웠습니다, 감사합니다 다음...","호텔이 시내에 있어요
가이드가 배려 깊고 세심해요
식당이 청결해요
가이드가 전문적이에요
일정이 알차요"
5,sem*****,아동동반 여행으로 좋아요,40대,2024.01.21,"호텔 조식은 간단한 빵, 밥, 반찬 정도 가볍게 먹을 수 있습니다. 일정이 알차나 인기있는 관광지 위주로 가다보니 사람이 너무 많네요 오사카 관광지는 한국사람이 절반인듯 합니다. 일본 여행이 처음이라면 가이드가 일본역사, 관광지관련 정보 등을 알차게 알려주기에 도움이 많이 되었습니다. 같은 팀끼리 식사할 수 있게 자리 배정 잘 해주고 객실도 옆자리로 배정해줬습니다. 중간에 면세점 가는 일정이 있는데 30분 정도만 있기에 나쁘지 않고 물건도 괜찮아서 저는 좋았습니다.","호텔에서 쉬기 좋아요
일정이 알차요
현지 음식이 다양해요
가격이 합리적이에요
가이드가 전문적이에요"
4,062***,아동동반 여행으로 좋아요,40대,2024.01.20,아이들과 좋은시간 보냈습니다,"호텔이 관광지와 가까워요
일정이 알차요
가격이 합리적이에요
가이드가 전문적이에요"
4,tak****,커플여행으로 좋아요,40대,2024.01.20,너무 편안하게 좋은 여행하고 왔습니다. 교토의 조용하고 고풍스러운 분위기가 참 좋고 힐튼 호텔도 신축이라 이쁘고 깨끗했습니다. 가이드님도 불편함없이 잘 챙겨주셨습니다. 한 가지 아쉬운점은 린쿠 아울렛은 별로였습니다. 린쿠 아울렛 일정만 다른 곳으로 채워지면 진짜 훌륭할 것 같습니다,"객실이 깨끗해요
호텔이 시내에 있어요
일정이 여유로워요
현지 음식이 다양해요
가이드가 전문적이에요"
5,yuj*****,가족여행으로 좋아요,40대,2024.01.19,첫 가족 패키지 여행이었는데 아주 만족스러운 여행이었습니다. 유니버셜스튜디오 최고!!! 송영주 가이드님 감사했습니다.,"객실이 깨끗해요
호텔에서 쉬기 좋아요
일정이 알차요
가이드가 배려 깊고 세심해요
가이드가 전문적이에요"
4,doo***,가족여행으로 좋아요,20대,2024.01.19,"3일정도밖에 시간이 없어 알차게 여러곳을 가고싶어 이 패키지상품을 이용했습니다 아침일찍시작하여 저녁도착, 꽉찬 3일이라 체력적으로 조금 힘들긴했습니다. 그래도 이곳저곳 다양하게 볼수있어서 좋았어요 무엇보다 인솔 가이드해주셨던 정윤실 가이드님 고생많으셨어요! 패키지 여행을 몇번 이용해봤지만 공항도착하면 끝 느낌이 항상있었는데 수화물부칠때나 마지막날 비행기타기 직전까지 팀마다 일일이 인사하시는거보고 솔직히 놀랐습니다. 가이드님의 세심함 덕분에 기분좋게 마무리잘한거같습니다","호텔이 관광지와 가까워요
일정이 알차요
가격만큼 가치 있어요
가이드가 배려 깊고 세심해요
가이드가 열정적이에요"
5,cat****,가족여행으로 좋아요,40대,2024.01.18,코로나 이후 오랜만에 해외여행이였습니다. 짧은시간에 알차게 여행하게되어 매우만족합니다 지수경 가이드님의 따뜻한 목소리로 안내와 설명을 들으면서 관광을 해서 일본에 대해서 많은 정보를 알게되어 좋았습니다. 가이드님이 출발부터 도착까지 함께해주셔서 붐비지 않고 편하게 다녀올수있었던거 같습니다.,"호텔이 관광지와 가까워요
일정이 알차요
식당이 청결해요
가이드가 전문적이에요
가이드가 열정적이에요"
5,kuu****,가족여행으로 좋아요,40대,2024.01.17,가이드님 너무 친절하시고 좋았어요 오사카는 7월엔 너무 힘드네요 다음엔 좀 덜 더울때 가야겠어요,"객실이 깨끗해요
호텔이 시내에 있어요
일정이 여유로워요
식당이 청결해요
가격이 합리적이에요"
2,yeo***********,아동동반 여행으로 좋아요,50대,2024.01.16,엄마4명중학교아이4명졸업여행으로다녀왔는데쿄토2박호텔은창문단창으로오토바이소리가새벽2~3시까지소음과추운난방으로힘들었어요ㅠㅠ호텔조식도부실하구전체적으로가성비떨어지는여행이라실망스럽고오사까구시까츠음식도너무기름지고전체적으로음식도별로였어요ㅠㅠ,가이드가 배려 깊고 세심해요
5,tjw****,가족여행으로 좋아요,40대,2024.01.15,문쿤가이드님과 배려심많으신 함께한 팀원분들 덕분에 이번여행이 재미있고 즐거운 여행이되었습니다~,"객실이 깨끗해요
일정이 알차요
현지 음식이 맛있어요
가이드가 열정적이에요
가격이 합리적이에요"
5,kri*****,가족여행으로 좋아요,50대,2024.01.15,"패키지여행은 가이드를 잘 만나야 그 장점을 이용할 수 있는데, 이번 오사카.교토 등 여행의 가이드 정창석님을 아주 잘 만나서 여행이 더욱 보람되었습니다. 28명의 여행객들을 편안히 보살펴 주시고, 열정과 정성으로 3박4일 동안 보살펴 주셔서 참으로 감사합니다. 이 패키지는 가이드동반으로 출입국을 헤서, 매우 도움이 되고 편안한 여행이었습니다. 프로정신으로 임하시는 정창석가이드님의 건강과 발전을 기원합니다. 추천해 주신 북해도여행에서 다시 뵙기를 고대합니다! 참으로 애많이 쓰셨습니다! 감사합니다, 덕분에 잘 다녀왔습니다...","가이드가 전문적이에요
가격이 합리적이에요
현지 음식이 맛있어요
일정이 알차요
호텔에서 쉬기 좋아요"
4,77p*********,가족여행으로 좋아요,40대,2024.01.15,오사카 강겨울 가이드님 깔끔하고 매너있는 진행 감사합니다 덕분에 즐거운 여행 잘 다녀왔습니다,"일정이 알차요
가격이 합리적이에요
가이드가 배려 깊고 세심해요"
4,j81*****,가족여행으로 좋아요,50대,2024.01.14,가이드님 참 열정적이였어요^^ 감사히 잘 다녀왔습니다 숙소가 좀 좁긴했어요^^,"호텔이 시내에 있어요
일정이 여유로워요
식당이 청결해요
가격이 합리적이에요
가이드가 배려 깊고 세심해요"
4,038*****,가족여행으로 좋아요,40대,2024.01.13,"일본은 처음이라 패키지를 신청했는데 너무 친절하시고 해박하신 가이드님을 만나서 너무 알차고 즐거운 여행이였어요 일본의 역사와 방문지 소개등등 그동안의 쌓인 지식과 여행 꿀팁을 알려 주셔서 많은 도움이 된거 같아여 가족여행으로 다녀왔는데 1,2일차는 신사와 절 이라서 아이들이 다소 지루해 하는 경향이 있긴 했지만 3일차 유니버설 스튜디오 방문은 너무 재미있고 익싸이팅해서 아이들과 함께 좋은 추억 만든것 같습니다 추운 날씨에도 미리 나와서 기다려주시고 아이가 추워 하자 본인의 목도리까지 벗어 주시는 친절한 가이드님 다시...","객실이 깨끗해요
가격만큼 가치 있어요
가이드가 열정적이에요
가이드가 배려 깊고 세심해요"
5,iam*****,가족여행으로 좋아요,50대,2024.01.13,"3박4일을 알차게 오사카,교토,고베를 다녀왔습니다. 강겨울가이드님의 다방면으로 배려 깊게 안내 해 주어서 편하고, 지루함없는 즐거운 가족여행이었습니다~^^감사합니다~^^ 도쿄,시내 카트타러 갈 예정입니다. 그때도 강겨울가이드님과 함께 갈 수 있기를 기대해봅니다!","일정이 알차요
가이드가 전문적이에요
가이드가 열정적이에요
현지 음식이 다양해요
가이드가 배려 깊고 세심해요"
5,2ky***,가족여행으로 좋아요,20대,2024.01.13,가족여행으로 즐겁게 다녀왔어요! 강겨울 가이드님이 많이 도와주셔서 편하게 여행할 수 있었고 자유식으로 먹을 음식들도 추천 많이 해주셔서 다양하게 먹고 즐기고 왔습니다! 좋은 추억 만들 수 있게 도와주셔서 감사해요~~,"가이드가 전문적이에요
가이드가 열정적이에요
가이드가 배려 깊고 세심해요
일정이 알차요
현지 음식이 다양해요"
5,mod*******,커플여행으로 좋아요,50대,2024.01.13,가이드분이 정말 칭찬해 드립니다. 전문적이고 유쾌한 분이여서 재미있는 여행이였습니다. 길혜정 가이드님 감사했습니다.,"객실이 깨끗해요
일정이 알차요
식당이 청결해요
가격이 합리적이에요
가이드가 전문적이에요"
4,hyu******,친구모임으로 좋아요,50대,2024.01.13,모든여행 과정이 만족도가 있었으나 식사가 현지식을 3일동안 계획되어있어서 1일은 메뉴변경함 첫날에는 맛있었으나 3일째는 당기지않음 실망스러웠음ㅠ.ㅠ,"호텔에서 쉬기 좋아요
일정이 알차요
현지 음식이 맛있어요
가격만큼 가치 있어요
가이드가 전문적이에요"
5,a01*********,친구모임으로 좋아요,50대,2024.01.12,오사카 교토 3박4일 패키지여행을 40년지기 친구들과 다녀왔다 오랜 준비와 설레임으로 (약간의 지진 걱정도 있었지만) 27살 꽃띠 이세령 가이드님과 13분 다른 가족분들과 알차고 신나게 추억을 만들었다 개인적으로 20년전 오사카를 갔지만 오사카 성만 기억에 남아 있어서 이번 여행은 친구들과 새롭게 기억될듯하다 친구들도 음식과 알찬 스케줄에 만족해서 또다른 여행계획을 세우며 돌아왔다 그리고 또한 세심한 가이드님의 기모노 체험 이벤트는 감동이었다 여독이 조금은 남아 있는 지금 3월 여행을 계획하며 하나투어...,"객실이 깨끗해요
호텔이 관광지와 가까워요
호텔이 시내에 있어요
일정이 알차요
현지 음식이 맛있어요"
5,dre*****,가족여행으로 좋아요,20대,2024.01.11,함경희 가이드님 패키지 투어로 알찬 2박 3일 여행 즐겼습니다 처음으로 동생과 단 둘이 해 본 해외여행인데 패키지로 가니까 거리이동 시간도 효율적이고 볼거리를 늘릴 수 있어서 아주 편하고 좋았던 여행이었습니다 ^_^,"호텔 부대시설이 좋아요
일정이 알차요
식당이 청결해요
가격이 합리적이에요
가이드가 열정적이에요"
5,too*****,가족여행으로 좋아요,50대,2024.01.10,"2년동안 식구들과 함께 적립한 회비로 다녀온 여행입니다. 가이드님이 전문적이 열정적이고 친절하신 삼위일체 핵인싸 가이드셨습니다.(김ㅇㅈ 가이드님) 덕분에 알차고 즐거운 일본 여행이 되었습니다. 쇼핑센터도 바가지가 아니라 한국에서 구하기 힘든 제품을 저렴하게 구할 수 있는 장소 였습니다. 교토 청수사, 금각사,아라시야마,후시미 이나리 신사등 꼭 봐야할 곳을 여유롭게 둘러 볼 수 있었습니다. 나중에 벚꽃철, 단풍철에 다시 와야겠어요. 4일간의 숙소도 청결하고, 조식부페도 맛있었습니다. 도착 첫날의 일본 가정식 부페 식당도 너...","객실이 깨끗해요
일정이 알차요
현지 음식이 맛있어요
가격이 합리적이에요
가이드가 전문적이에요"
5,nom*****,커플여행으로 좋아요,40대,2024.01.09,"우선 패키지 상품 자체가 가격과 구성이 훌륭합니다. 짧은 기간이었지만 세가지 지역을 모두 경험하고, 유명 관광지도 알차게 돌아볼 수 있도록 구성되어 있어 주변에 추천할 만큼 좋다고 생각했습니다. 하나투어를 믿고 예약한 것이 탁월한 선택이었습니다. 특히 가이드분의 열정과 친절함, 전문성 등을 두루 칭찬해드리고 싶어서 후기를 작성하게 되었습니다. 함순희 가이드 님은 여행 가기 전 부터 필요한 중요 정보들을 잘 챙겨주시고, 인천공항에서 미팅하여 안내해주시는 부분도 깔끔하고 명료하셨습니다. 함께 비행기를 타고 도착하여 집결지 까지...","호텔 부대시설이 좋아요
호텔이 시내에 있어요
일정이 알차요
가격만큼 가치 있어요
가이드가 배려 깊고 세심해요"
5,h**,가족여행으로 좋아요,50대,2024.01.09,"한송희 가이드님.. 칭찬 드립니다. 조금이라도 더 많은 내용을 알려주시려고 차량 이동시에도 한번도 안쉬시고 설명해 주시고 역사, 경제 , 문화 등 전문지식도 상당히 뛰어나십니다 어느것 하나 불편함이 없는 여행이었습니다. 자주가는 해외여행은 아니지만.. 하나투어는 이용할때 마다 각 나라별로 항상 만족합니다.","객실이 깨끗해요
일정이 알차요
현지 음식이 맛있어요
가격이 합리적이에요
가이드가 전문적이에요"
4,호호,친구모임으로 좋아요,60대,2024.01.09,"문효균가이드님과 동행한 여행이 의미 있었던게 여러번 일본을 방문 했었어도 알지 못했던 것들을 가이드님의 열정으로 알게된게 새롭습니다. 그 열정, 응원합니다. 무엇보다 처음을 잊지않겠단 각오의 말씀에 우리도 처음을 잊지않아야 겠단 각오를 하는 여행이였네요","호텔 부대시설이 좋아요
즐길 거리가 다양해요
식당이 청결해요
가격만큼 가치 있어요
가이드가 열정적이에요"
5,pch*****,친구모임으로 좋아요,50대,2024.01.08,모처럼 친구들과 소중한 추억이었어요,"객실이 깨끗해요
일정이 알차요
현지 음식이 맛있어요
가격만큼 가치 있어요
가이드가 배려 깊고 세심해요"
4,sos*****,친구모임으로 좋아요,60대,2024.01.03,숙소도 도심에 위치하고 깨끗하고 친절함 현지식이 깔끔하고 맛남 가이드가 열정적으로 인솔함,"호텔이 시내에 있어요
일정이 여유로워요
현지 음식이 맛있어요
가격이 합리적이에요
가이드가 열정적이에요"
5,ell*******,가족여행으로 좋아요,40대,2024.01.01,가족여행 잘 다녀왔습니다 담당자님의 따뜻한 말씀 정말 도움 많이 되었고 가이드님이 너무 친절하게 도와 주셔서 즐거운 여행 하였습니다 다음 여행도 하나투어~~♡,"객실이 깨끗해요
일정이 알차요
현지 음식이 맛있어요
가격이 합리적이에요
가이드가 전문적이에요"
5,ibi****,아동동반 여행으로 좋아요,40대,2023.12.30,사춘기딸과함께 처음으로 간 해외여행♡ 행복하고 안전하게 잘 다녀왔습니다. 특히 가이드님께서 세심하게 배려해주고 챙겨주셔서 너무 감사했습니다. 시야도 많이 넓어지고 힐링의 시간이었습니다. ^^,"호텔에서 쉬기 좋아요
일정이 여유로워요
현지 음식이 맛있어요
가이드가 전문적이에요
가이드가 배려 깊고 세심해요"
4,jam******,나홀로 여행으로 좋아요,50대,2023.12.30,"여행객이 많지만 구경거리가 많아서 홀로,,,가족여행 괜찬아요..","호텔이 시내에 있어요
일정이 여유로워요
현지 음식이 다양해요
가격이 합리적이에요
가이드가 전문적이에요"
4,nn9*****,커플여행으로 좋아요,50대,2023.12.30,차남근 가이드님 덕분에 일본 역사에 대해 많이 배우고 왔어요~ 새벽비행기라 좀 힘들었는데 알차게 잘 다녀온거같아요,"객실이 깨끗해요
호텔에서 쉬기 좋아요
일정이 알차요
가격이 합리적이에요
가이드가 전문적이에요"
5,lee***,친구모임으로 좋아요,30대,2023.12.30,잘다왔어요. 친절한가이드분 기억에 남습니다.,"객실이 깨끗해요
호텔이 관광지와 가까워요
호텔이 시내에 있어요
호텔에서 쉬기 좋아요
일정이 여유로워요"
5,you********,가족여행으로 좋아요,40대,2023.12.30,윤대희 가이드님 최곱니다!!! 덕분에 너무 즐거운 여행이었습니다^^ 엄지척입니다♥ 다음에 또 오고 싶네요^^ 강명희 안병선,"가이드가 열정적이에요
가이드가 전문적이에요
가이드가 배려 깊고 세심해요
일정이 알차요
가이드가 재밌어요"
5,myh**********,가족여행으로 좋아요,50대,2023.12.29,2박3일오사카로 가족여행 다녀왔어요. 중고생딸들과 함께 가는 여행이라 이틀은 일정에 따라 오사카를 구경했고 1일은 자유여행으로 신나게 시내에서 쇼핑과 맛집투어 했네요. 일본여행은 오사카로 가세요,"호텔이 시내에 있어요
일정이 알차요
현지 음식이 다양해요
가격이 합리적이에요
가이드가 전문적이에요"
5,rnj*******,가족여행으로 좋아요,40대,2023.12.28,"연태관가이드님의 열정적인 설명들으며 자유여행때보다 알찬 느낌으로 즐겁게 다녔어요^^ 일본에대해 좀 더 알게되어 좋은 시간이였어요~ 오사카시내숙박시 저녁에 주변으로 나가서 맥주한잔하고와도 좋아요. 아이들과 함께라면 패키지가 편할것같아요. 주변편의점,마트 위치도 쉽게 알려주셔서 감사했어요~ 기회가된다면 다음에 또 만나길바랄께요!!ㅎㅎ","객실이 깨끗해요
일정이 알차요
식당이 청결해요
가이드가 열정적이에요"
5,cal****,가족여행으로 좋아요,60대,2023.12.28,가아드의 성실함과 깊이 있는 안내가 인상적입니다.,"객실이 깨끗해요
호텔이 관광지와 가까워요
객실 뷰가 좋아요
일정이 알차요
가이드가 전문적이에요"
5,min******,가족여행으로 좋아요,30대,2023.12.27,즐거웠고 여행이 알찼습니다,"일정이 알차요
객실이 깨끗해요
식당 뷰가 좋아요
가격이 합리적이에요
가이드가 전문적이에요"
5,nes*****,커플여행으로 좋아요,50대,2023.12.26,짧은 일정이였지만 즐겁고 행복한 시간였어요 도톤보리에서 여행온 지인도 만나고 오사카 여행 굿~~,"객실이 깨끗해요
일정이 알차요
현지 음식이 맛있어요
가격만큼 가치 있어요
가이드가 전문적이에요"
5,bluehyeon,아동동반 여행으로 좋아요,40대,2023.12.26,첫 일본여행 준비할시간이.너무나 빠듯해 정보를 우후죽순으로 준비해서 출발한여행이였는데 열정적인 가이드님 가족나들이의.최적을 맞춰주셨다 최대한 잘 다니고 잘먹고 즐길수 있었던 여행이었다,"호텔이 시내에 있어요
즐길 거리가 다양해요
현지 음식이 맛있어요
가격만큼 가치 있어요
가이드가 열정적이에요"
5,koko132,가족여행으로 좋아요,30대,2023.12.26,크리스마스 연휴동안 다녀왔어요~♡ 패키지 여행인데도 자유시간을 넉넉하게 주셔서 충분히 구경하고 간식도 맛있게 사먹어요~ 숙소 주변에 메가 돈키호테도 알려주셔서 저녁 시간에 다녀왔는데 구경하는 재미가 있었어요. 숙소도 술이랑 라멘 무제한이라 ㅎㅎ 너무 좋았어요! 다음에 또 가고싶어요~~~~ 수쨩 연휴동안 너무 고생 많으셨어요! 다음에 또 만났으면 좋겠네요~~,"호텔 부대시설이 좋아요
일정이 알차요
현지 음식이 다양해요
가격만큼 가치 있어요
가이드가 열정적이에요"
5,leejarrin,가족여행으로 좋아요,10대,2023.12.26,오사카 오랜만이라서 너무 재미있었고 가이드님이 너무 좋아서 행복한 여행이였습니다!,"호텔이 관광지와 가까워요
가이드가 배려 깊고 세심해요
가이드가 전문적이에요
가이드가 열정적이에요
가이드가 재밌어요"
5,ab2******,나홀로 여행으로 좋아요,20대,2023.12.25,"처음으로 혼자 가는 해외여행이라 고민 많이 하다가 하나투어로 결정했는데 너무 잘한것같아요~ 우선 일정도 다양하고 너무 알찹니다. 그리고 제가 해외여행이 처음이라 많이 어리숙했는데 이재경 가이드님이 마지막 날까지 잘 챙겨 주셔서 안전하고 즐겁게 여행 잘 마쳤습니다~ 여행기간동안 해주신 설명도 일본을 이해하는데 도움이 많이되었습니다~ 감사했고, 기억에 많이 남을 것같아요!!","호텔이 관광지와 가까워요
일정이 알차요
가격만큼 가치 있어요
가이드가 배려 깊고 세심해요
가이드가 전문적이에요"
5,nat****,친구모임으로 좋아요,50대,2023.12.22,가이드님이 설명을 너무너무 잘해주셔서 역사책사고싶은 맘이 들었어요😂늦가을날씨에 힐링힐링🤗즐겁고 잼있는 여행👍가성비 최고🥳,"호텔이 시내에 있어요
일정이 알차요
현지 음식이 다양해요
가격이 합리적이에요
가이드가 전문적이에요"
5,koo*****,가족여행으로 좋아요,60대,2023.12.21,박진영라이드님의 열정을 가지고 안내하고 설명하고 단체 전원 다 챙기고.. 즐거 웠습니다,"호텔이 관광지와 가까워요
일정이 알차요
식당이 청결해요
가격이 합리적이에요
가이드가 전문적이에요"
5,hwa********,가족여행으로 좋아요,40대,2023.12.20,정경선 가이드님 덕분에 중학생 아이와 힐링하고 왔습니다. 여러모로 세심하게 챙겨주셔서 감사했어요^^,"객실이 깨끗해요
즐길 거리가 다양해요
식당이 청결해요
가이드가 전문적이에요
가이드가 배려 깊고 세심해요"
5,shi*******,친구모임으로 좋아요,40대,2023.12.20,일본 오사카 교토 고베 나라 패키지여행 너무 좋았습니다~~^^,"객실이 깨끗해요
호텔이 관광지와 가까워요
호텔에서 쉬기 좋아요
일정이 알차요
현지 음식이 다양해요"
4,oli********,가족여행으로 좋아요,60대,2023.12.18,너무 빡빡한 일정 이었어요. 조금 여유가 있으면 좋겠네요,"호텔이 관광지와 가까워요
식당이 청결해요
가격이 합리적이에요
가이드가 배려 깊고 세심해요"
5,sud*****,가족여행으로 좋아요,50대,2023.12.16,만보걸어서 어렵지만 즐거운 여행이엇음,"호텔이 시내에 있어요
일정이 알차요
현지 음식이 다양해요
가격이 합리적이에요
가이드가 열정적이에요"
4,soo********,가족여행으로 좋아요,40대,2023.12.16,김현주가이드님이 책임감있고 꼼꼼하시고 무엇보다 여행객들의 안전을 우선으로 하셔서 편안한 여행이 되었습니다. 패키지 상품구성도 좋았고 시간에 쫒기지않는 즐거운 여행 이었습니다. 다소 아쉬운점은 첫째 둘째날 숙소 청소 상태가 안 좋아서 불쾌감이 들었습니다. 그러나 셋째날숙소는 넓고 쾌적하고 공항근처라 피로감이 덜했습니다. 3일동안 운전 해주신 기사님도 너무 친절 하셨고 전체적인 여행소감은 친구에게 추천해 주고 싶은 상품으로 만족도는 상 입니다. 3박4일동안 애써주신 김현주가이드님과 기사님께 감사드립니다.,"가이드가 전문적이에요
가이드가 열정적이에요
가이드가 배려 깊고 세심해요
호텔이 시내에 있어요
일정이 알차요"
5,chb*****,가족여행으로 좋아요,50대,2023.12.16,김영운 가이드님의 전문지식에 감사. 여행의 여유로움과 자유 시간. 가족과의 힐링여행~~,"객실이 깨끗해요
일정이 여유로워요
현지 음식이 맛있어요
가격이 합리적이에요
가이드가 전문적이에요"
4,gye******,커플여행으로 좋아요,50대,2023.12.16,오사카3박4일이라서 그런지 나름 여유롭고 좋은듯. 다음엔 개별로 더 자세히 보고 싶은 마음~,"객실이 깨끗해요
일정이 알차요
가격이 합리적이에요"
5,psy*****,가족여행으로 좋아요,40대,2023.12.16,"아이들과 할머니 할아버지 까지 가족6명이 여행하게 되어서 걱정이었는데, 박성숙 가이드님이 세심하게 잘 케어해주시고, 자유시간 팁들과 관광시 이동시간에도 도움되는 야기들해주어서 지루하지 않고 오사카, 교토에 대한 이야기를 많이 들어서 좋았습니다. 사고 없이 여행 마무리 하게 되는게 쉬운게 아닌데 너무 수고하셔서 저는 대 만족이었습니다. 같은 여행 하게 된 팀분들고 약속시간 잘 지키시는 분들이셔서 일정대로 잘 움직였습니다. 일본에 가서 이렇게 편하게 놀다 온 것도 신기합니다. 불폄함 없이 즐겁고 행복한 추억 만들어셔서 너무 감사합니다...","호텔이 시내에 있어요
일정이 알차요
현지 음식이 맛있어요
가이드가 배려 깊고 세심해요
가이드가 열정적이에요"
5,seo****,가족여행으로 좋아요,50대,2023.12.15,가족 4명이 다녀왔는데 모두가 만족스러워 한 여행이었습니다 누구와 가느냐에 따라 자유여행이 더 낫기도 하지만 초딩아들과 장모님이 있었기에 선택은 당연히 패키지여행이었죠 세심하게 일정을 함께 하며 차분하면서도 일본에 대한 설명을 쉬지 않게 해주신 윤선희B 가이드님께 감사를 드립니다 스케쥴상 아쉬웠던건 돌아오는 비행편이 11시는 너무 촉박해 12시쯤이 좀 더 여유있지 않나 생각드네요,"호텔 부대시설이 좋아요
일정이 알차요
현지 음식이 다양해요
가격이 합리적이에요
가이드가 배려 깊고 세심해요"
5,KEVINKIM,가족여행으로 좋아요,40대,2023.12.13,일본 여행은 처음이였지만 다시 가고픈 나라네요.설 연휴때 또 갈려고 계획중입니다.^-^ 강추~^^,"호텔이 시내에 있어요
일정이 여유로워요
현지 음식이 맛있어요
가격만큼 가치 있어요
가이드가 열정적이에요"
5,뽀야엄망,커플여행으로 좋아요,50대,2023.12.12,볼거리도 다양하고 현지음식도 맛있는 알찬 여행이었습니다. 다음엔 온 가족이 함께하길~,"객실이 깨끗해요
즐길 거리가 다양해요
현지 음식이 다양해요
가격이 합리적이에요
가이드가 배려 깊고 세심해요"
5,jjh*****,가족여행으로 좋아요,40대,2023.12.11,하나투어 직원 모두 친절하고 적극안내 잘해주셔서 첫 가족일본여행을 잘마쳤어요. 일정이 적당하고 번화가근처 숙소라 자유일정을 원하는만큼 할수있는 즐거움이 있었어요. 가이드 김성화님 너무 세심하고 전문적이세요. 기다려주시고 차분히 설명해주시며 열정적인 역사이야기도 들을수있어서 좋았어요. 15명 인원이라 무얼해도 복잡하지 않고 각 팀들 연령이 다양하지만 나름 서로 잘 지내서 즐거움이 더해졌어요. 또 가고싶어서 일본행 뱅기표 보고있네요 ㅎㅎㅎ 일본첫여행은 패키지+자유일정이 최고인듯요. 일본어 몰라도 도움주는 스텝도 있고..편의점 다니는거...,"호텔이 시내에 있어요
일정이 여유로워요
현지 음식이 다양해요
가격이 합리적이에요
가이드가 배려 깊고 세심해요"
5,res******,가족여행으로 좋아요,40대,2023.12.10,첫가족여행 가이드님 덕분에 뜻깊고 재밌는 여행이었습니다 아쉬운건 호텔 조식이 별루였어요,"객실이 깨끗해요
호텔이 관광지와 가까워요
일정이 알차요
가격이 합리적이에요
가이드가 배려 깊고 세심해요"
5,042*******,친구모임으로 좋아요,60대,2023.12.05,"오사카 교토 나라 고베 2박3일 여행, 짧지만 볼거리가 많은 여행이어서 친구 모임에 적합하다고 생각합니다. 여행에서 어떤 가이드인가에 따라 유익한 시간이거나 그렇지 않거나 하는데 이번 임경수 가이드는 진정 프로였습니다. 풍부한 지식을 바탕으로 한 재미있고 깊이 있는 설명, 김포공항 시작 점부터 현지 관광 과정 그리고 귀국해서까지 한 사람 한 사람 챙기며 미소를 띤 굿바이 인사까지 프로의 모습이 참 보기 좋았습니다.","호텔이 시내에 있어요
일정이 알차요
현지 음식이 맛있어요
가격이 합리적이에요
가이드가 전문적이에요"
5,mis*****,아동동반 여행으로 좋아요,40대,2023.12.05,재미있고 알차게 다녀왔어요,"객실이 깨끗해요
일정이 알차요
현지 음식이 맛있어요
가격이 합리적이에요
가이드가 배려 깊고 세심해요"
5,hj9***,친구모임으로 좋아요,50대,2023.12.05,"일상의 탈출로 단기여행코스로 예약을 해서 떠났는데, 출발전부터 강겨울 가이드님이 주의사항 알려주시고, 또 현지에서도 재미난 에피소드와 함께 편안한 가이드로 진행하셔서 제대로 힐링하고 온 여행인거 같습니다. 전반적으로 코스는 타이트하지 않고 무난하고, 식사도 정식코스로 제대로 즐기고 왔습니다. 맛은 한국인의 입맛과 달리 다소 짜긴 했지만, 단풍철이고, 관광객들도 많이 몰리고 하는 철이라 좀 걱정했는데, 생각보다는 붐비지 않고, 또 저녁은 자유시간이라 현지 로컬 음식을 즐길 수 있는 코스였던거 같습니다. 강겨울 가이드님의 진행또한 순조...","객실이 깨끗해요
일정이 여유로워요
식당이 청결해요
가격이 합리적이에요
가이드가 열정적이에요"
5,hyu********,가족여행으로 좋아요,40대,2023.12.04,처음으로 하는 가족여행으로 아주 만족해요 일차고 재미 있었어요 식사도 맛있었어요,"객실이 깨끗해요
일정이 알차요
현지 음식이 맛있어요
가격이 합리적이에요
가이드가 전문적이에요"
5,net******,가족여행으로 좋아요,40대,2023.12.04,"강겨울 가이드님 여행기간 동안 [ 꼭 필요한 정보, 세심한 배려 ! ] 2박 3일 오사카 가족여행 좋은 추억 만들고 왔습니다.✨️ 일정 & 안전 & 음식 & 숙박 Best good 고맙습니다 👍","일정이 알차요
현지 음식이 맛있어요
가이드가 전문적이에요
가이드가 배려 깊고 세심해요
가격만큼 가치 있어요"
4,che********,가족여행으로 좋아요,40대,2023.12.03,한마디로 굿이었습니다. 또 가고 싶습니다.,"가이드가 열정적이에요
가격이 합리적이에요
현지 음식이 다양해요
일정이 알차요
호텔에서 쉬기 좋아요"
4,gue*****,커플여행으로 좋아요,50대,2023.12.03,엄광일 가이드님의 4일 동안 일본의 전문적 지식을 바탕으로 한 오사카여행 신랑이랑 소중하고 행복한 추억 많이 남겼습니다. 감사합니다 ^^,"객실이 깨끗해요
일정이 알차요
식당이 청결해요
가이드가 전문적이에요"
5,chl*******,나홀로 여행으로 좋아요,20대,2023.12.03,이번 송재혁 가이드님이 친절하고 세심하고 배려심있게 대해주셨고 조원들도 다 좋으신분이라 별탈 없었네요 진심으로 행복한 여행이였습니다 또 이코스로 가고 싶네요,"호텔이 시내에 있어요
현지 음식이 맛있어요
현지 음식이 다양해요
가격이 합리적이에요
가이드가 배려 깊고 세심해요"
5,sty**,나홀로 여행으로 좋아요,40대,2023.11.29,가이드님이 너무 좋았습니다.,"객실이 깨끗해요
현지 음식이 맛있어요
현지 음식이 다양해요
가이드가 전문적이에요
가이드가 배려 깊고 세심해요"
4,shw******,기타,40대,2023.11.28,직원들 단체 여행으로 알차게 3박4일같은 2박3일 여행 잘 다녀왔습니다~~ 가이드님의 역사 얘기 넘 재미있게 잘 들었어요~~^^,"호텔이 시내에 있어요
객실이 깨끗해요
일정이 알차요
즐길 거리가 다양해요
가이드가 열정적이에요"
5,여행고픈이,가족여행으로 좋아요,30대,2023.11.27,가이드님이 너무친근하고 편하게대해주셔서 너무 좋았던 여행입니다. 호텔도 식사도 다 좋았습니다. 그러나 일정을 하루에 한곳정도는 빼고 좀더 여유있는 코스였으면 좋겠다는 생각이들었습니다. 하나투어 자체에서 일정계획시 여유로운코스도 만들어주셨으면좋겠습니다. 아무쪼록 열정넘치고 재미있는 가이드님덕에 일본에대해 조금이나마 더 알게되었고 편하고 기억에 오래남을 여행이였습니다~,"호텔이 관광지와 가까워요
즐길 거리가 다양해요
가이드가 전문적이에요
가이드가 열정적이에요
가이드가 배려 깊고 세심해요"
4,ijr****,가족여행으로 좋아요,50대,2023.11.26,"여행 코스가 반 이상은 자유여행이나 마찬가지라서 가이드의 역할이 그리 중요하지는 않은 여행이었으나 그럼에도 불구하고 가이드팁을 요구하는건 조금은 아닌것 같다는 생각이 들었으며, 가이드가 말을 조금은 더 가려서 해줬으면 하는 아쉬움이 있었고요, 그래도 여행 코스에 유니버셜스튜디오가 포함되어서 아주 좋았고, 전반적으로 만족스러운 여행이었습니다.","호텔이 관광지와 가까워요
일정이 여유로워요
현지 음식이 다양해요
가격만큼 가치 있어요"
5,shj***,가족여행으로 좋아요,40대,2023.11.25,32명 인원이 많았지만 김성숙 가이드님의 친절한안내로 출국부터 입국까지 잘 다녀왔어요 간사이공항이 혼잡해서 검색 통과까지 2시간 걸리내요 사하라호텔은 화장실 욕조가 무지 작지만 조식이 맛있고 도톤보리 시내랑 가까워서 저녁 자유시간 보내기 좋았어요,"호텔이 시내에 있어요
일정이 알차요
현지 음식이 맛있어요
가격이 합리적이에요
가이드가 배려 깊고 세심해요"
5,lee***********,가족여행으로 좋아요,40대,2023.11.24,잘 다녀 왔어요. 좋은 시간 보냈어요,"호텔이 시내에 있어요
일정이 알차요
현지 음식이 맛있어요
가격이 합리적이에요
가이드가 열정적이에요"
4,rom******,친구모임으로 좋아요,50대,2023.11.22,자유여행이 있어서 좋았어요. 도톤보리와 시장구경하며 스시도 저럼하게 먹고 크루저타고 ㅍ개키지여행 때 제대로 못본곳을 여유있게 보고 먹고 하니 좋았어요,"호텔이 관광지와 가까워요
호텔이 시내에 있어요
호텔 부대시설이 좋아요
현지 음식이 맛있어요"
5,ldd***,가족여행으로 좋아요,60대,2023.11.20,다 좋고 너무좋고 재밌 어요,"호텔이 관광지와 가까워요
즐길 거리가 다양해요
현지 음식이 맛있어요
가격이 합리적이에요
가이드가 열정적이에요"
5,심청이,가족여행으로 좋아요,60대,2023.11.20,다 좋은관광이었으나 하르쿠츠 주조자료관은 내가 술을 좋아 하지 않으니 관광일정에서 제외했으면 더 좋았을 것인데요 참고하세요,"호텔이 관광지와 가까워요
즐길 거리가 다양해요
현지 음식이 맛있어요
가격이 합리적이에요
가이드가 배려 깊고 세심해요"
5,Sawooangel,친구모임으로 좋아요,60대,2023.11.20,친구들과의 첫 해외나들이라 혹시라도 불미스런일이라도 생길까봐 은근히 걱정했지만 너무나 재밌고 알차게 무사히 잘 다녀왔어요. 역시 하나투어 선택하길 잘했어요. 이번 가이드가 여행내내 친절하게 이것저것 잘 안내해줘서 너무 고마웠어요. 여러번 하나투어 여행했는데 이번 가이드는 최고였어요. 별점 다섯개 . 친구들도 대만족했던 여행 감사해요. 담에도 하나투어로 ..,"객실이 깨끗해요
일정이 알차요
현지 음식이 맛있어요
가이드가 전문적이에요
가이드가 열정적이에요"
5,cat****,가족여행으로 좋아요,40대,2023.11.20,가이드님이 너무 재미있고 정성스레 가르쳐주셔서 너무 좋았어요-안윤경가이드님에게-,"객실이 깨끗해요
일정이 알차요
현지 음식이 맛있어요
가격이 합리적이에요
가이드가 열정적이에요"
1,mia******,기타,30대,2023.11.20,일본패키지여행 다시는 안간다로 가족이 통일했네요 이동시간이 여행의 60프로를 차지하고 30명이넘는 대인원 같이다니다보니 인원챙기고 체크하고 그러다 시간 다가고 가이드는 길을막으면안된다고 한줄두줄로 오라는데 뒤에가면 설명도못듣고 지나가는 사람에 치였어요 저희가 줄설라고여행왔나요? 예정된식사는 양(고기4점이1인분)도적지만 품질최악 가이드도 회사에 정식 건의한다고 저희를 달래셨지만 또 아나요? 매번 이런식인지 혹 처음이라면 저희가 실험용쥐도아니고 하나투어는 식당답사도없이 식당을 결정하나요? 일단 체험해보고 바꾸는식이...,"호텔이 시내에 있어요
가이드가 전문적이에요"
4,seu******,가족여행으로 좋아요,40대,2023.11.18,"가이드님이 브리핑 잘해주시고, 친절하고 유머있으셔서 좋았습니다. 일정은 알차게 되어 있어 골고루 둘러볼수 있었습니다. 단, 웰리나 이스트 호텔은 정말 후집니다. 숙소 컨디션이 너무 엉망(먼지투성이 객실, 어두컴컴한 실내)이고, 식당이 없어 대신 호텔 커피숍에서 조식으로 먹으라고 몇가지 차려놓은게 다입니다. 아무리 3성급 비즈니스 호텔이라도 이건 영~ 아니네요.","호텔이 시내에 있어요
일정이 알차요
가이드가 열정적이에요"
4,suk******,가족여행으로 좋아요,40대,2023.11.17,아이들은 만족했던 여행이였어요~ 저는 도착당일 투어 버스타고 호텔변경 소식에 텐션떨어졌구요ㅎ(익히..그런일이 번번하다 듣긴했지만..) 바뀐호텔 룸컨디션이 깨끗해서 그나마 기분이 나아졌네요~ 3일내내 열정적으로 목소리 높여 가이드 해주신 ♡김민경♡가이드님 고생하셨어요^^ 궁금한점들에 대해 바로바로 피드백주시고 안내해주셔서 감사했어요^^,"객실이 깨끗해요
호텔이 시내에 있어요
일정이 알차요
식당이 청결해요
가이드가 배려 깊고 세심해요"
4,jag***,가족여행으로 좋아요,60대,2023.11.15,전반적으로 좋았습니다,"호텔이 시내에 있어요
일정이 알차요
현지 음식이 맛있어요
가격이 합리적이에요
가이드가 재밌어요"
5,tou*****,가족여행으로 좋아요,50대,2023.11.15,짧은 여행기간이었지만 알찬 일정으로 구성되어서 좋았다,"호텔이 관광지와 가까워요
일정이 알차요
현지 음식이 맛있어요
가격이 합리적이에요
가이드가 열정적이에요"
5,moa0156,가족여행으로 좋아요,40대,2023.11.13,여행지 꿀팁 맛집 장소도 가이드님이 잘 알려주시고 문화와 역사도 잘 알수있는 알찬 여행이였습니다.추억많이 쌓는너무즐거운 여행이었습니다 음식이 모두 맛있었어요 기회되면 또 오고싶어요 감사합니다,"호텔이 시내에 있어요
일정이 알차요
현지 음식이 맛있어요
가격만큼 가치 있어요
가이드가 배려 깊고 세심해요"
1,조경숙,친구모임으로 좋아요,50대,2023.11.12,면세점에서 구입한 낫토.코큐10. 가격이 명확하지 않아 불쾌함. 얘기할때는 낫토15.000. 코큐텐2박스씩해서 6개월분800.000이라고 햇는데 가격은 100만원끈기고 제품도 낫토는 15.000아닌 10.000 으로 주심..속은기분이라 언짢음. 가격도20만원 더주고 제품은 낮은 제품으로 준거라면 속은거 확실하겠죠? 전화와서는 그럼하나에 25만원가보네요 하는데 어이없었음,호텔이 관광지와 가까워요
5,hajutak,친구모임으로 좋아요,50대,2023.11.12,6명의 친구들이 직장다니면서 간신히 3일 휴가를 맞춘 소중한 여행을 하나투어 오사카 2박3일 패키지로 가게되었습니다. 버스가 꽉찰 정도로 인원이 많아서 가이드하기 쉽지 않았을텐데 경험많은 최규순 가이드님을 만나 크고 작은 해프닝 속에서도 안전하게 여행할 수 있었습니다. 특히 저희 친구 하나가 길을 잃고 헤매는 상황에서 직접찾으러 나가시기까지 해서 감사했습니다. 책임감 강한 최규순 가이드님 덕택에 안전하고 즐거운 여행하게 되서 감사드립니다.,"객실이 깨끗해요
호텔이 시내에 있어요
일정이 여유로워요
가이드가 배려 깊고 세심해요
가이드가 열정적이에요"
3,gye****,기타,50대,2023.11.11,한국은 추운데 오사카는 따뜻하고 날씨가 좋아서 여행하기에 적합했어요.,"객실이 깨끗해요
호텔이 시내에 있어요
식당이 청결해요"
2,hjk****,커플여행으로 좋아요,40대,2023.11.10,위에 어떤점이좋았나요는 좋은점도 좋치만 개선할점 아쉬운점도 적을수있게 만들어주세요 음식이 너무 기대. 이하였어요 조금 여유로운여행이 못돼서 아쉬웠어요,"객실이 깨끗해요
객실 뷰가 좋아요
호텔에서 쉬기 좋아요
호텔이 시내에 있어요
호텔 부대시설이 좋아요"
5,aid****,가족여행으로 좋아요,40대,2023.11.09,사춘기 아들과 같이 가는 여행이라 조심스럽기도 하고 걱정도 되고 했는데 전혀~~~~ 이제인 가이드님이 일정을 잘 짜셨는지 가는곳마다 저희가 구경할때는 한가하다가 구경 다 하고 내려올때부터는 붐비는 현상이 있어서 너무 편히 구경하고 사진찍었어요~~ 가이드님께서 무조건 해야한다가 아닌 일행 일행 하나하나 잘 챙겨주셔서 패키지여행이지만 여유롭고 자유여행 같은 그런 분위기였습니다. 너무 감사드리고~~~~ 호텔은 우선 저녁에 라멘과 주류가 공짜라 너무 좋고 온천이 있어서 너무 좋았지만 사실 한국인지 일본인지 모를정도로 한국사람이 ...,"호텔 부대시설이 좋아요
호텔이 관광지와 가까워요
현지 음식이 맛있어요
가격이 합리적이에요
가이드가 배려 깊고 세심해요"
4,km9*******,가족여행으로 좋아요,40대,2023.11.07,"아이들과 처음으로 가는 일본여행이었는데... 호텔도 깨끗하니 좋았구요! 숙소와 도톤보리가 가까이 있어서... 도보로 이동하기 편했구요, 쇼핑 하기도 좋았습니다! 가이드님도 친절 하셨구요!! 즐거운 가족 여행이 되었습니다~~~","일정이 여유로워요
현지 음식이 맛있어요
가격이 합리적이에요
가이드가 전문적이에요
호텔이 시내에 있어요"
1,ses*****,가족여행으로 좋아요,50대,2023.11.07,이용호 가이드의 전문성을 제외하면 인생 최악의 패키지 여행 플랜입니다. 관광은 보고 먹는게 목적인데 보는 코스도 어이없을 정도로 사람만 구경하고 오고... 뭐 그지역 관광 코스가 거기서 거기인걸 모르고 선택한 관광객 인 제 탓이라 쳐야겠죠. 문제는 식사 수준입니다. 2박3일에 93만원 투어면 결코 싼 오사카 여행이 아닌데 제공된 5끼중 먹을만한 식사는 단 한끼도 없고 하나투어가 이정도 수준인 지 실망스러윘습니다. 일단 호텔 조식 2끼는 엘리베이터 문이 열려도 나갈수 없습니다.뷔페 입구에서 엘베 문앞까지 세줄로 사람들이 서 있고 어찌...,"객실이 깨끗해요
호텔이 관광지와 가까워요
가이드가 전문적이에요
가이드가 열정적이에요
가이드가 배려 깊고 세심해요"
5,kkn****,가족여행으로 좋아요,50대,2023.11.07,패키지 여행이 처음이라 이것저것 찾아보다가 패키지는 가이드가 중요하다고 해서 저희 가족이 갈때 좋지 않은 가이드분을 만나면 어쩌나 했는데 되게 잘 만났어요!!! 이용호 가이드님이었는데 저희가 가는 날이 하필 휴가라 차도 많이 (기본 한시간 정도.. ㅠ) 막히고 사람도 너무너무 많았는데 하필 날씨는 무슨 한여름처럼 더웠었는데 가이드님이 너무 유쾌하시고 재밌으셔서 그런 상황 속에서도 마냥 즐겁게 웃다 왔어요!!! 그리고 버스에서 이동하는 시간 동안 가이드님께서 역사에 대해서 말씀해주시는데 되게 재밌게 설명해주셔서 버스타는 시간이 지루하...,"호텔 부대시설이 좋아요
가이드가 열정적이에요
가이드가 배려 깊고 세심해요
가이드가 전문적이에요
가이드가 재밌어요"
5,wsr*****,가족여행으로 좋아요,40대,2023.11.06,아들과 단둘이 여행 자유여행을 할까하다 급히 일정에 적절한 상품을 찾다보니... 3박4일 일정 한틈의 버림없이 꽉찬 일정과 이동 힘들기도 했지만 정태영 가이드님 덕에 무사히 아들과 여행 성공했네요 다 좋구요 가이드님 열정도 대단하시고 재미난 사진도 찍어주시고 감사합니다,"객실이 깨끗해요
호텔에서 쉬기 좋아요
일정이 알차요
가이드가 열정적이에요
가이드가 배려 깊고 세심해요"
1,고양이,친구모임으로 좋아요,50대,2023.11.06,"상품기획에 있어 관광지는 적고, 쇼핑과 자유시간을 많이 갖고자 하는 고객은 만족스러울 거고, 유적지나 관광지를 가고자 하는 고객에겐 완전 꽝인 상품 특히 홀리데이인은 비즈니스호텔이라 조식은 전쟁터, 압사수준, 로비니 식당이 너무도 협소 음식과 청결은 좋으나 먹을 수 없으니.. 일본 가서 온천 못 하고 오는 건 처음 충분히 설명서에 있어야 할듯,, 세상에 당연 한 건 없으니","호텔이 시내에 있어요
일정이 여유로워요
현지 음식이 맛있어요"
4,domisol99,가족여행으로 좋아요,40대,2023.11.05,"일본여행은 처음이고 2박3일 짧은 시간이였는데, 박은영가이드님 너무 열정적으로 친절하게 잘해주시고 일정도 알차고 좋았습니다.. 기억에 오래남을 즐거운 여행이였네요","객실이 깨끗해요
호텔이 관광지와 가까워요
일정이 알차요
식당이 청결해요
가이드가 열정적이에요"
5,lov********,가족여행으로 좋아요,40대,2023.11.03,가족여행으로 선택했습나다 첫 일본여행 너무 좋았어요 ~ 역사와 정보등 잘 전달해주시고 가이드님열정 너무 좋습니다,"객실이 깨끗해요
호텔에서 쉬기 좋아요
일정이 알차요
가격이 합리적이에요
가이드가 열정적이에요"
5,자카,가족여행으로 좋아요,50대,2023.11.03,"차분하고 안정적인 인솔자의 진행에 발 맞추어 알차게 다녀왔습니다. 밝게 진행하는 멘트와 위기 능력... 마지막날, 점심식당 측의 돌발 상황에도 신속하게 빠른 대체로 오랜 경험에서 나오는 능력 멋지시네요...","호텔이 관광지와 가까워요
호텔이 시내에 있어요
일정이 여유로워요
현지 음식이 다양해요
가이드가 전문적이에요"
5,kim******,가족여행으로 좋아요,40대,2023.11.01,"봄부터 기획해온 설레는 가족여행 5년만의 해외여행 큰 기대속에 출발했습니다. 좋은 날씨. 같이 여행 다닌 다른 가족분들도 좋았고, 열정과 정성으로 나흘동안 안내하고 챙겨주셨던 김해경 가이드님 덕분에 정말 알차고 재미있는 여행이었습니다. 기대 이상이었습니다 👍 다음에 일본여행을 가게 되면 또 만나뵙고 싶네요. 감사합니다. 화이팅입니다.","가이드가 배려 깊고 세심해요
가이드가 열정적이에요
가이드가 전문적이에요
가격이 합리적이에요
일정이 알차요"
5,rup******,가족여행으로 좋아요,50대,2023.10.31,"일정이 알차고, 음식도 다양하고 맛있어요 특히 젊은 가이드님이 친절하게 카톡으로 일정이나 필요한 사항을 안내해 주어서 편해셨요","호텔 부대시설이 좋아요
일정이 알차요
현지 음식이 맛있어요
가격이 합리적이에요
가이드가 배려 깊고 세심해요"
4,moo*********,가족여행으로 좋아요,30대,2023.10.30,가이드분의 전문적인 설명이 아주 좋았습니다!!^^,"객실이 깨끗해요
일정이 알차요
식당이 청결해요
가격이 합리적이에요
가이드가 전문적이에요"
4,하나투어 회원,가족여행으로 좋아요,60대,2023.10.29,소규모여행상품으로 편안했습니다. 쓰루가이드의 전문성과 배려로 편안하고 유익한 여행이 되었습니다.,"호텔이 관광지와 가까워요
일정이 알차요
현지 음식이 맛있어요
가격이 합리적이에요
가이드가 전문적이에요"
4,kms******,가족여행으로 좋아요,60대,2023.10.28,2박3일 오사카 여행 즐거웠습니다. 김정우 가이드님의 열정적이고 전문적인 안내로 좋은 여행이 됐습니다. 각 팀별로 여행지마다 사진을 멋있게 찍어 준 것도 인상 깊었습니다.,"객실이 깨끗해요
일정이 여유로워요
식당이 청결해요
가격이 합리적이에요
가이드가 전문적이에요"
5,mel***,가족여행으로 좋아요,40대,2023.10.28,3박4일!! 오사카 패키지로 가족여행다녀왔어요~ 3박4일동안 정말 알차고 편안하게 구경 잘 하고 가족들과 즐거운 시간을 보냈습니다. 세심하시고 배려가 좋으신 강겨울 가이드님!!! 가는 곳마다 정말 맛집 데리고 가시고 굿 초이스.!! 여행 내내 음식이 맛있었습니다 그리고 저희 아이들이 아직도 강겨울 가이드님을 보고 싶다고 하네요^^ 강겨울 가이드님 덕분에 이번 오사카여행은 즐겁고 행복한 여행이였네요 최고였어요.!! 감사드려요 항상 건강하시고 다음에 또 기회가 되면 일본여행에서 뵙고 싶네요 강겨울 가이드님 감사합니다 ^^♡,"호텔이 관광지와 가까워요
일정이 알차요
현지 음식이 맛있어요
가격이 합리적이에요
가이드가 열정적이에요"
5,min*****,친구모임으로 좋아요,20대,2023.10.27,"저희는 강겨울가이드님과 오사카의 관광지를 편하게 돌아다녔습니다. 지도를 볼 필요도 없이 필수코스를 둘러볼 수 있었으며, 주어지는 자유시간에는 다른 곳도 돌아볼 수 있었습니다. 저희는 야무지게 오락실, 쇼핑몰, 드럭스토어를 돌아다니고 호텔 앞 관람차도 탔답니다. ㅎㅎ 사진으로만 보던 도톤보리 야경은 너무 예뻤습니다. 유니버셜 스튜디오는 놀이공원에 자본력이 더해지면 퀄리티가 얼마나 높아지는지 체감할 수 있었습니다. 사슴과 교감할 수 있던 나라 사슴공원, 물에 반사되는 오사카성 , 60층 하루카스 전망대에서 보는 오사카의 풍경도 오래 ...","호텔이 시내에 있어요
일정이 알차요
가이드가 배려 깊고 세심해요
가이드가 재밌어요
가이드가 전문적이에요"
2,hon*******,친구모임으로 좋아요,50대,2023.10.23,현장을 보다 세심하게 배려할줄아는 탁상이 아닌. 현장 의 하나투어가 되길 바랍니다,
5,jm6***,커플여행으로 좋아요,70대,2023.10.22,"양윤정 스타 가이드와 함께 55년된 세친구와 배우자와 함께 6명이 교토와 오사카에 커플여행을 다녀왔습니다. 모두16명이 일행이었는데 처음에는 대부분 고령자인 관계로 전체여정을 무리없이 다녀올수 있을까하는 우려도 다소 있었지만 양윤점 가이드의 노련한 인솔로 가족같은 분위기에서 3박4일 일정을 즐거운 추억으로 만들 수 있었네요. 기회가 된다면 올 겨울쯤 홋가이도로 양윤정가이드와 다녀오고 싶습니다. 행복한 추억과 즐거움을 안겨준 하나투어 임직원 여러분에게 감사드리며, 양윤정 스타가이드와 함켸 할 수 있는 것도 로또였습니다 ...","일정이 알차요
객실이 깨끗해요
현지 음식이 다양해요
가격이 합리적이에요
가이드가 전문적이에요"
5,자영,가족여행으로 좋아요,20대,2023.10.21,하나투어 일본 가이드님들 많이 만나봤지만 이번 오사카 여행 이영주 가이드님이 제일 친절하셔서 3박 4일 여행 내내 좋은 여행이 된 것 같아서 좋았습니다! 알찬 일본 역사도 들려주셔서 버스에서 이동할 때도 일본거리를 보면서 일본역사를 들으니까 너무 뜻깊고 재밌었습니다!,"일정이 여유로워요
가이드가 전문적이에요
가이드가 열정적이에요
가이드가 재밌어요
가이드가 배려 깊고 세심해요"
5,kat*****,커플여행으로 좋아요,40대,2023.10.18,오랜만의 해외여행이었는데 넘 즐겁게 다녀왔습니다 짧은 기간이었지만 편하게 나라 오사카 고베 등 다양한 곳을 경험할 수 있었고 이부림 가이드의 전문적이고 재밌는 설명으로 새로운 일본을 경험할 수 있었어요!! 특히 호텔의 무제한 맥주와 라면은 최고!! 거기다 가이드분이 직접 사다주신 따끈한 맛집 찐빵은 아직도 생각나요^^ 한가지 아쉬운 점은 2박3일 넘 짧았다는 게 ㅠㅠ 다시 한번 여유있게 다녀오고 싶네요♡,"호텔 부대시설이 좋아요
즐길 거리가 다양해요
현지 음식이 다양해요
가격이 합리적이에요
가이드가 배려 깊고 세심해요"
4,hys****,가족여행으로 좋아요,50대,2023.10.18,아들과 함께 갔는데 알차고 좋은 여행이었습니다. 가이드님 열정적으로 열심히 하시고 안내도 잘 해주셨어요. 저녁에 자전거 타고 나가셔서 사다주신 만두도 너무 맛있었어요. 감사합니다 ~,
4,jen*****,가족여행으로 좋아요,50대,2023.10.16,10월 오사카날씨가 한국보다 낮에더워서 조금 힘들긴했는데 이번 인솔자 오세훈가이드님이 식사도 못하시고 저희들을 살뜰히 챙기셔서 여행일정동안 편하고 즐거운 여행이었습니다~대기시간이 많지않게 잘 일정을 맞춰주셔서 알찬시간을 보낼수 있었어요~애써주신 오세훈가이드님께 감사의 말씀전합니다^^,가이드가 배려 깊고 세심해요
5,ber****,가족여행으로 좋아요,40대,2023.10.16,오세훈가이드님의 일본에 대한 많은 정보와 또한 친절하시고 모든분들에게 세심한 배려를 해주셔서 즐겁고 행복한 여행이 되었습니다 오사카 여행은 처음이었는데 다음에도 함께 했으면 좋겠습니다 ㅎㅎ 호텔과 음식 모두 깨끗하고 어려움 없이 시설을 이용하였고 여행기간동안 날씨도 화창해서 좋은 추억이 되었습니다. 일정이 짧아 아쉬웠는데 다음에도 하나투어 패키지 이용하려고 합니다. 일행분들도 모두 좋으셔서 최고 여행이었습니다. 감사합니다~ ^^,"가이드가 배려 깊고 세심해요
식당이 청결해요
일정이 알차요
객실이 깨끗해요
가이드가 열정적이에요"
5,kky******,아동동반 여행으로 좋아요,60대,2023.10.13,"유니버셜 스튜디오 나같은 노인도 같이 할만하고 특히 손주들의 만족도 최고. 자유식으로 고베소고기, 호텔옆 라면은 최고 였음. 초3년, 2년 라면 두그릇씩 ㅡ 지금도 먹고싶다고함.","객실이 깨끗해요
호텔이 관광지와 가까워요
즐길 거리가 다양해요
현지 음식이 맛있어요
가격만큼 가치 있어요"
4,moo*,가족여행으로 좋아요,40대,2023.10.11,"어머니 팔순 기념을 선택했고 결과적으로 좋은 여행이었다고 생각합니다. 비와코 온천은 왜 사람들이 일본 온천이 좋다고 하는지 느끼게 해주었고 리가 로열 호텔도 위치나 컨디션이 좋았습니다. 장인영 가이드는 왜 스타가이드와 함께, 라는 타이틀이 패키지에 붙어 있는지 알 수 있을 정도로 열정적이며 모든 면에서 배려가 깊었습니다. 방문하는 곳곳의 역사나 정보들을 잘 설명해주셔서 좋았구요. 모자람이나 넘침 없이 잘 가이드해주셨습니다. 가장 좋았고 칭찬하고 싶은 것은 제가 이 상품을 결제하면서 담당자가 되었던 홍경재 수석입니다. 팔순 기념 ...","객실이 깨끗해요
호텔 부대시설이 좋아요
호텔이 관광지와 가까워요
가이드가 전문적이에요
가이드가 열정적이에요"
5,del*********,가족여행으로 좋아요,30대,2023.10.11,완벽한 가족여행이였습니다! 이부림 가이드님이랑 함께 했는데 너무 친절하시고 다정하시고 열정 넘치셔서 가족 모두 대만족하는 여행이 되었습니다 호텔도 신축이라 그런지 깨끗하고 음식도 다 좋았습니다 일정을 더 길게 가지 못해 아쉬웠습니다 다음 일본여행에도 이부림 가이드님과 함께하면 좋겠습니다! 같이 갔던 일행분들도 다들 좋으셨습니다 날씨까지 좋아서 완벽한 여행이였습니다! 패키지여행은 이번이 처음이였는데 가족여행은 패키지가 최고네요,"일정이 알차요
가격이 합리적이에요
가이드가 배려 깊고 세심해요
가이드가 재밌어요
객실이 깨끗해요"
5,gob******,친구모임으로 좋아요,60대,2023.10.11,송재혁 가이드의 전문적인 설명과 열의와 성의있는 보살핌에 감사드립니다. 친절사원 추천합니다.,"호텔이 시내에 있어요
일정이 알차요
현지 음식이 다양해요
가격이 합리적이에요
가이드가 전문적이에요"
5,don****,가족여행으로 좋아요,50대,2023.10.10,"오랜만의 가족여행 이었는데 김혜준 가이드님의 세심한 설명, 진행으로 매우 만족 스러웠습니다 일본설명 너무 잘 해주셔서 많은 도움 되었었습니다.","객실이 깨끗해요
일정이 알차요
가이드가 전문적이에요
가이드가 배려 깊고 세심해요"
5,e96*,가족여행으로 좋아요,30대,2023.10.08,송재혁 가이드님 칭찬드리고싶습니다 성실하고 침착하고 매너가 기가막힙니다 즐거운 여행이였습니다,"객실 뷰가 좋아요
일정이 알차요
가이드가 전문적이에요
가이드가 열정적이에요
가이드가 배려 깊고 세심해요"
5,say******,가족여행으로 좋아요,40대,2023.10.07,연로하신 부모님과 걱정하며 간 여행이였어요. 워낙 걷는게 힘들것같아서..근데 가이드님이 뒤져지는 부모님 챙겨주시고 차안에선 유쾌하게 걸음의 노고를 잊게 만들어주시고 딱 쉴시간도 만들어주시고 저녁식사 후 자유시간에 쇼핑이나 즐기거리 이곳저곳 소개도 많이 해주셔서 동생이랑 자유시간에 쇼핑도 많이 했어요. 최권철가이드님~ 오늘도 일본 다시 들어가신다는데 어느팀인지 땡잡으셨네욥ㅋㅋㅋ정말 감사합니다♡.♡,"객실이 깨끗해요
일정이 알차요
현지 음식이 다양해요
가격이 합리적이에요
가이드가 재밌어요"
5,ans*******,커플여행으로 좋아요,40대,2023.10.03,남편과함께한 오사카 여행이 더 길게 여행을 못한 아쉬움은 있었지만 넘 즐겁고 행복한 여행이었습니다,"호텔이 시내에 있어요
일정이 여유로워요
객실이 깨끗해요
현지 음식이 맛있어요
가이드가 배려 깊고 세심해요"
5,doe******,나홀로 여행으로 좋아요,60대,2023.10.02,가이드님도 친절하고 여행일정도 알차고 좋았습니다.,"객실이 깨끗해요
일정이 알차요
현지 음식이 맛있어요
가격이 합리적이에요
가이드가 전문적이에요"
5,rho****,가족여행으로 좋아요,40대,2023.10.01,"정말 가고 싶었던 오사카 여행 잘 다녀왔습니다. 스파월드, 도톤보리, 나라 등 여러 관광지도 볼만했구요. 열심히 뛰어다니며 구경하고 어트랙션 타면서 즐겼던 유니버설스튜디오도 너무 즐거웠습니다. 일본의 많은 캐릭터들을 좋아하는 사람이라면 꼭 가봐야 할 곳인 것같습니다. 많이 더워서 조금 힘들었지만, 또 가고 싶네요.^^ 무엇보다 인솔자 겸 가이드 해주신 박선홍님께 감사드립니다. 많은 인원을 통솔하시면서 고생 많으셨는데, 항상 유쾌하고 친절하게 잘 해 주셔서 정말 즐거운 여행이 되었습니다. 기회가 된다면 다시 방문하고 싶네요.^^","객실이 깨끗해요
일정이 알차요
현지 음식이 맛있어요
가이드가 열정적이에요
가격만큼 가치 있어요"
4,yan*****,가족여행으로 좋아요,40대,2023.10.01,김성숙 가이드님과 일정 함께 했는데 친절하시고 너무 좋았습니다! 호텔 위치가 도톤보리 시내와 멀지 않아 만족 스러웠습니다,"호텔이 시내에 있어요
객실이 깨끗해요
현지 음식이 맛있어요
가격이 합리적이에요
가이드가 배려 깊고 세심해요"
5,zon****,가족여행으로 좋아요,50대,2023.09.30,언제 4일이 갔는지 모를정도로 재미있었습니다. 꼼꼼히 챙겨주시는 송 수정가이드님 감사합니다,"호텔이 시내에 있어요
일정이 알차요
현지 음식이 다양해요
가격만큼 가치 있어요
가이드가 전문적이에요"
5,ric*****,가족여행으로 좋아요,40대,2023.09.28,"십여년동안 편찮으신 조모님 모시느라 여행 한 번 제대로 못가보셨던 우리 부모님과의 여행. 그래서 더욱 신경 써서 고른 가성비 좋은 일본 여행이었습니다. 3박4일 동안 스캐쥴도 알찼고, 숙소 깔끔. 음식도 (단체 여행 음식치곤 )좋은 편이었고, 가장 만족스러웠던 건 가이드님을 잘 만났다는 거!👍 🧳이 상품엔 1억짜리 여행 보험이 가입되어 있어서 여행자 보험을 굳이 따로 드실 필요가 없습니다. https://www.hanatour.com/trp/pkg/CHPC0PKG0245M200?_layout=emptyPopup&p...","객실이 깨끗해요
일정이 알차요
가격만큼 가치 있어요
가이드가 전문적이에요
가이드가 배려 깊고 세심해요"
3,kko*****,커플여행으로 좋아요,50대,2023.09.25,뱅기 연착으로 저녁이 다되어 도착한 도톤보리는 활기차고 설레였다. 시간이 촉박하여 충분히 누리지 못해서 가장 아숴웠다. 호텔에 일찍 도착하여 자유시간 !!! 호텔 온천 및 부대시설이 깨끗하고 실속있었다. 서비스 라면 신의 한수 기대없이 간 라면이 너무 맛있었다~일본여행중 가장 맛있고 기억게 남은게 라면 이다,"호텔 부대시설이 좋아요
일정이 여유로워요
식당이 청결해요
가격이 합리적이에요
가이드가 전문적이에요"
5,seo*****,친구모임으로 좋아요,50대,2023.09.20,친구들과 좋은추억 만들고왔어요.,"호텔이 시내에 있어요
일정이 알차요
가격이 합리적이에요
가이드가 전문적이에요
가이드가 배려 깊고 세심해요"
4,bhh******,가족여행으로 좋아요,50대,2023.09.20,가족과 함께하기 좋은 일정으로 행복한 여행였습니다.,"객실이 깨끗해요
일정이 알차요
식당이 청결해요
가격이 합리적이에요
가이드가 배려 깊고 세심해요"
5,wss*****,가족여행으로 좋아요,50대,2023.09.18,아들이랑 둘이 유니버설 다녀왔는데 이부림 가이드님께서 너무나 친절하게 여러 도움을 주셔서 아주 즐거운 여행이 되었습니다. 가이드님이 전문적이시라 일본에 대해 여러가지 정보도 얻게 되어 더욱 유익한 여행이 되었습니다. 감사합니다.,"호텔에서 쉬기 좋아요
일정이 알차요
현지 음식이 맛있어요
가격이 합리적이에요
가이드가 전문적이에요"
5,jyk*****,가족여행으로 좋아요,30대,2023.09.18,일정도 알차고 가이드님도 열정 넘치셨습니다:),"호텔 부대시설이 좋아요
호텔에서 쉬기 좋아요
일정이 알차요
가이드가 전문적이에요
가이드가 열정적이에요"
4,pop**,가족여행으로 좋아요,50대,2023.09.15,저희 가족은 자매가 부모님을 모시고 다녀온 효도 여행이었는데 가이드 '홍명자' 님의 배려와 상세한 설명으로 짧은 여행이었지만 풍성하고 앎이 풍부해지는 시간이었답니다. 버스로 이동하는 시간 내내 차에서 줄곧 서서 일본 지도를 게시하여 보이면서까지 오사카와 교토로 이어지는 각 관광지 마다의 특색을 유서 깊게 설명해 주셨습니다. 그래서 모든 일정의 시간 내내 학교 세계사 선생님과 함께 온 듯한 착각에 빠질 정도로 일본의 전체적인 역사 설명과 홍명자 가이드님의 경험담으로 이어지는 소소한 일본에 관한 이야기를 여행만큼이나 알차게 들려...,"호텔 부대시설이 좋아요
일정이 여유로워요
식당이 청결해요
가격이 합리적이에요
가이드가 배려 깊고 세심해요"
5,해인이,가족여행으로 좋아요,40대,2023.09.15,"서로 다른 생각과 개성을 가진 분들과 한 팀이 되어 여행을 간다는 것이 쉽진 않을것 같아 걱정이 되었는데 이부림 가이드님을 만나 걱정을 하지 않고 잘 다녀왔습니다. 함께 한 팀원님들의 이야기를 눈높이에 맞춰 잘 들어 주시고 재미있는 여행뿐만이 아니라 역사에 대한 설명과 일본 사람들에 대한 생활방식과 문화, 생각들을 잘 설명해 주셔서 뜻깊은 여행이 되었습니다. 여행시 불편한 상황이 발생하지 않도록 미리 체크해주시고 한 사람 한사람을 가족이라 생각하시며 섬김을 해주시는 부분에 대해 감동을 받은 행복한 시간이었습니다. 다음에 기...","호텔 부대시설이 좋아요
일정이 알차요
현지 음식이 맛있어요
가격만큼 가치 있어요
가이드가 전문적이에요"
5,hsh***,아동동반 여행으로 좋아요,40대,2023.09.11,가이드님도 너무 친절하시고 여행내내 즐거웠습니다~ 패키지여행이라 조금 걱정했었는데 다녀와보니 너무 만족스럽네요~ 다음에 일본에 또 간다면 이번 가이드님 다시 만나뵈면 좋을것같아요!!,
4,냐하,나홀로 여행으로 좋아요,30대,2023.09.10,처음으로 일본여행을 혼자 가게되어서 패키지로 가게 됐습니다. 비행기타기전에 해메기도 했지만 나름 찾아서 잘가게 되었어요 일본 도착하니까 김태훈가이드님이 앞에 계셔서 다른 일행분들이랑 출발했어요 차타고 돌아다니면서 설명도 잘해주고 일행분들도 재밌어서 만족한 일본 여행이였네요! 다음에도 갈거 같아요 감사합니다!,
5,kim*******,가족여행으로 좋아요,20대,2023.09.07,할머니의 첫 해외여행을 덕분에 잘 다녀왔습니다 여행 3박 4일 고생하신 김복실 가이드님 감사합니다~ 가족단위의 여행을 고민하신다면 추천드립니다~!!,
5,하나투어 회원,가족여행으로 좋아요,50대,2023.09.07,"오사카는 한번 다녀온적은 있었지만 딸과의 시간을 위해 짧지만 선택한 패키지였어요~그닥 큰 기대없이 급하게 결정된 여행이었는데...권정은 가이드님의 친절하고 유쾌한 진행으로 정말 만족한 여행되었습니다.여행지와 관련된 역사이야기부터 사진찍기,필수쇼핑템까지 친절하게 도와주셔서 기억에 남을 소중한 여행되었습니다.다시 한번 감사드려요~~^^! 다음 여행도 같이하고 싶네요~♡",
2.8,n98****,아동동반 여행으로 좋아요,40대,2023.09.06,,
4,kt6*****,커플여행으로 좋아요,50대,2023.09.06,오랜만에 아내와 좋은여행 가이드님 굿,
5,ozh****,가족여행으로 좋아요,20대,2023.09.04,가족끼리 시간 맞춰서 함께 간 여행이었는데 너무 재밌었어요~ 호텔도 쾌적하고 위치도 딱 좋았어요! 여행 일정 역시 너무 바쁘지 않고 좋았는데 특히 이부림 가이드님께서 적절하게 여행 일정 시간도 조절해주시고 너무 친절하게 해주셔서 즐거운 여행이 되었어요!! 일본에 대한 이야기도 많이 해주시고 재밌는 얘기도 많이 해주셨어요!! 오랫동안 기억에 남을 좋은 여행이었습니다~ 덕분에 다음번에 또 일본여행을 계획하고 싶어졌는데 그때도 이부림 가이드님과 함께하고싶어요..!!! 가족들과 좋은 추억 만들 수 있게 해주신 이부림 가이드님께 너무 ...,
5,km6*****,친구모임으로 좋아요,50대,2023.09.04,모든게 다 좋았어요~ 여고동창생들과 함께한 여행일정 너무좋았어요~ 흠이라면 일본에서 새로운여름을 만난것같은~이부림가이드님 재밌는얘기들 일정내내 즐거움이었답니다~,
5,200******,가족여행으로 좋아요,40대,2023.09.04,김채리 가이드님과 함께한 최고의 여행!! 음식도 하나같이 기깔나고 깔끔한 진행~ 고베 하버랜드에서 모자이크 너무 멋지니까 충분히 구경하시구 대욕장도 꼭 가세요!! 김채리 가이드 정말 킹왕짱 좋아요!!!,
5,mia*****,가족여행으로 좋아요,40대,2023.09.04,가이드님 너무 친절하셔서 여행 내내 즐거웠습니다 유익한 여행이었습니다.,
5,jsw*****,가족여행으로 좋아요,60대,2023.09.02,김미영가이드님꺼서 최선을 다하여 아래해 주셔서 장애인가족여행 넘 좋았습니다.,
5,hou********,가족여행으로 좋아요,30대,2023.08.30,"어설픈 자유여행 보다 패키지가 낫습니다. 김현주 가이드님, 하나투어 운영팀 최고에요!!! 코스가 일본의 현재와 과거를 모두 볼 수 있는 패키지였고 특히 교토 온야도 노노 료칸은 온천과 맛있는 조식으로 굉장히 만족스러웠습니다. 어떻게 찾으셨는지 모든 식당과 호텔 대.만.족.입니다! 자유식도 있어서 용돈 주시면 먹고 싶은거 사먹는 것도 좋았습니다. (배불리 먹어도 돈이 남았어요,,) 버스 기사님도 친절하시고 더운 날씨만 아니면 완벽한 가족 여행이었습니다.",
4.6,u4880631,가족여행으로 좋아요,20대,2023.08.29,"처음 가본 일본여행 다들 자유여행으로 간다고 해서 조금 고민했는데, 결론은 아쥬 만족스러웠어요~ 오히려 더운날씨에 단체 버스로 이동하니 시원하게 이동할 수 있어서 좋았고 버스 안에서 김동욱 가이드님 아주 친절하게 설명해주셨어요~ 다음에 또 이용하고싶네요 :)",
4.6,zeu*******,가족여행으로 좋아요,40대,2023.08.28,정말 만족스러운 가족여행이었습니다. 그리고 항상웃음으로 가이드해주시고 고생해주신 박선홍가이드님 덕분에 즐거운 여행이였습니다.,
5,psk****,기타,40대,2023.08.28,첫 해외여행이라 여행사로 다녀왔지만 걱정과다르게 이부림가이드님께서 너무 친근하고 재미있게 설명해주셔서 너무즐거운 여행이였습니다. 다음에 또 여행간다면 이부림가이드님이랑가고싶네요 감사합니다.,
4.6,teddy395,친구모임으로 좋아요,20대,2023.08.28,1일차: 가이드분과 만나서 비행기표 뽑고 각자 비행기 타는 곳으로 가서 같이 움직이지 않는구나 생각했다. 해외는 처음이라 잘 몰라서 걱정했지만 가이드님이 잘 알려주셔서 친구랑 잘 찾아갔다. 일본에 도착한 후 관광버스에서 설명을 잘해주셨다. 점심도 맛있었고 경치도 잘 구경했다. 일본은 한국보다 날씨가 더 뜨거웠다. 저녁은 2000엔은 주었고 거리를 돌아다니면서 맛있는 음식을 먹을 수 있었다. 처음은 가이드님과 같이하고 나중은 자유시간으로 각자 자유시간을 주어져서 좋은 것 같다. 온천도 즐겼고 9~10시 사이에 무료 라멘과 맥주를 먹...,
4.8,cho*******,커플여행으로 좋아요,60대,2023.08.28,이번 여행에 함께 동행했던 모든분들 감사하고 3일동안 편안하고 즐거운 여행이 되도록 이빠이 신경써주시고 배려해 주셨던 이부림 가이드님 넘 감사합니다 큰박수 보내드리며 열정넘치고 따뜻했던 모습 오래 기억하겠습니다 감사드립니다 최고로 멋져던 가이드 이부림 님 ~~,
4.2,pha*****,가족여행으로 좋아요,40대,2023.08.28,가이드 김동욱님 (욱~상) 덕분에 마음 편하게 즐거운 추억 만들고 왔습니다. 감사합니다. 건강하세요~~~~ 아이들도 정말 좋았대요~~~,
4.4,sophie9010,가족여행으로 좋아요,30대,2023.08.28,"이연주 가이드님 덕분에 즐겁게 여행했습니다❤️ 같이 여행가셨던 다른 팀 분들도 너무 좋으셨고, 프로그램도, 날씨도 좋아서 행복한 시간이었습니다. 특히 관광가는 장소나 건물에 대한 역사적인 배경을 많이 알게되어 도움이 많이 되었아요. 다음에도 가족여행 가고싶네요👍",
5,rtd****,나홀로 여행으로 좋아요,30대,2023.08.28,"오하라 마을이 길목 입구에서부터 휴양림 둘레길처럼 되어 있어서 좋았습니다. 이부림 가이드님이 20여명이 넘는 인원들을 일정 잘 소화할 수 있도록 친절히 잘 안내해 주셔서 좋았고, 덕분에 나홀로 여행이었는데 여러 다른 일행분들과 무탈히 잘 관광할 수 있었네요~ 가이드님이 입담도 좋으셔서 버스 내에 이동 중일지라도 덜 심심했으며, 날씨 운도 좋아야 한다는데, 비도 적게 내리고 맑아서 무난히 좋은 구경하면서 잘 다녀올 수 있었네요. 가이드님과 일행분들 수고하셨습니다~:)",
5,abr*********,친구모임으로 좋아요,60대,2023.08.28,친구들 여섯명이 대만족하고 즐겁게 여행했습니다 때마다 차려준 밥상이 너무 맛있어서 싹싹 비우고 호텔내 온천물이 좋아 다시 또 오고 싶었습니다 이부림 가이드님 최선을 다해주셔서 감사합,
4.8,mq5***,커플여행으로 좋아요,50대,2023.08.28,"4년만에 하나투어를 통해 패키지여행을 다녀온 후잘 남기지 않는후기를 쓰는 건 불펀하거나 불만족이 없었다는거다. 여행상품 고를 때도 잘 안내해주신 직원분 때문에 큰 고민없이 맡길 수 있었다. 공항부터 가이드 강병구님께서 동행해 주셔서 감떨어진 여행 불안감을 덜 수 있었다. 더운 날씨에도 매너있는 옷 차림과 강의를 듣는 것 같은 자세한 설명과 간간히 곁들인 유머로 지루하지 않게 재미있게 들을 수 있었다. 다양한 곳에서 오신 일행분들도 예의 있으시고 시간도 잘 지켜 주시고 행복을 가득 담아 온 여행이었다. 모자이크 몰, 오사카성, 도톰...",
4.6,mi-***,가족여행으로 좋아요,40대,2023.08.27,"더운 날씨지만 오래도록 기억에 남을 가족여행이었어요. 결정장애와 귀차니즘 증후군이 심해 하나투어 패키지 애용하고 있습니다. ^^ 후기 처음으로 남겨봅니다. * 안수경 가이드님, 다른 후기글에도 추천이 있더라구요. 여행전부터 인천에 비행기 내리는 순간까지 꼼꼼하게 안내해주셨어요. 이동시 일본 역사문화에 대한 설명도 재미있었습니다. 일본에 대한 오기심이 뿜뿜!! 저녁 자유시간에도 돌아볼 수 있는 곳을 추천해 주셔서 빡세게 관광했습니다~ * 날이 더워 걸어다는 것이 힘들었지만, 볼거리가 많아 참을만 했을 정도로 코스가 괜찮습니다. 투...",
3.8,two*******,커플여행으로 좋아요,50대,2023.08.27,가이드님 설명 잘하시고 친절하시고 좋아 씁니다,
4.8,ok-******,가족여행으로 좋아요,50대,2023.08.26,자유시간이 잇어서 여러가지 체험을 할수 잇어서 좋았어요,
3.8,key****,가족여행으로 좋아요,40대,2023.08.26,날이 너무 더워서 힘들었지만 모든 일정 즐거웠어요. 일본은 숙소가 좁다고 들었는데 진짜 너무 좁았어요~~^^;;; 박혜선가이드님이 땀을 뻘뻘흘리시며 여행내내 너무 애써주셨어요... 감사합니다~~^^,
5,f15******,가족여행으로 좋아요,40대,2023.08.25,재미있었어요 우리 부모님도 흡족해하시네요^^,
4.6,gig*****,가족여행으로 좋아요,20대,2023.08.24,민지수 가이드님이 너무 잘 해주셔서 잘 다녀왔습니다. 해외 패키지여행은 처음이라 기대를 조금하고 궁금도 했는데요 정말 좋을 여행이었습니다. 가이드님이 여행지나 지역 관련(맛집포함)정보도 알려주시고 따로 많이 챙겨주셔서 많은 도움이 되고 재미있었어요. 1.현지에서 버스로 이동해서 편하고 안락하게 이동할 수 있었습니다. 2.관광지에서 보내는 시간도 적당해서 구경하고 쇼핑하고 하기에 충분했습니다. 시간 배분이 정말 좋았던 것 같아요. 3.숙소는 대체적으로 깔끔했으며 적당했습니다. 창문 쪽에 지문들이 조금 있긴 해서 아쉽긴 하지만 편하게 ...,
5,pac****,가족여행으로 좋아요,40대,2023.08.23,오사카.고베.교토2박3일 여행잘다녀왔습니다 안지은가이드님진짜최고였어요ᆢ 가이드님덕분에안전하고편안하게행복한여행하고왔습니다 다음에도하나투어이용하고싶어요 진짜즐거운여행이였습니다,
4.8,min****,가족여행으로 좋아요,40대,2023.08.21,짧은 일정이였지만 알차게 보내고 온것 같아요 김정우가이드님의 자세한 설명이 도움 많이 되었고 기사님도 친절하셔서 좋았어요,
5,5my****,아동동반 여행으로 좋아요,40대,2023.08.21,공항 도착과 동시에 노련한 박윤경 가이드님의 이런저런 일본문화와 역사에 대해서 들으면서 이동하는 동안 심심할 틈이 없다. 조금 더 일본에 대해서 궁금해지고 일본 현지인의 삶이 더욱 느껴보고 싶어졌다. 훌륭한 박윤경 가이드님을 만났다는 기쁨도 잠시! 3일째 태풍란 때문에 유니버셜스튜디오 예약이 취소되어 아무것도 할수 없는 상황이 되었다. 자유일정이 되어버린 슬픈 세째날. 길에 사람도 차도 드믈었다. 기차타는 법. 티켓팅 하는 법. 온천의 출입 유무까지 가이드님을 새까맣게 들볶아서 정보를 얻었다. 일본인은 영어로 물으면 알아들...,
5,상고대,가족여행으로 좋아요,50대,2023.08.20,"아들이 결혼하기전 마지막이라는 생각으로 떠난 일본여행, 너무 덥고 힘들었지만 오래토록 기억에 남을 여행이 되었어요. 처음만난 이부림가이드님 나보다 나이는 어리지만 이웃집 언니같은 푸근함으로 일정내내정말 설명도 많이 해주시고 가슴에 와닿는 얘기도 하며 수고해 주셨지요. 태풍에 묶일거라는 어느정도의 예측은 하고 떠난 여행이었지만 정말로 내게 이런일이 일어날줄은 몰랐어요. 그래도 다행인건 결항소식을 하루전에 알려주어서 회사일을 모두 처리할수 있었네요. 불편을 최소화하기 위해 발빠르게 움직여서 주신 이부림가이드님 정말 감사드리구요 이번일...",
5,kim*****,가족여행으로 좋아요,40대,2023.08.19,"100% 만족한 가족여행이었습니다~^^ 태풍으로 인해 일정이 취소되지 않을까 반신반의하였지만 다행스럽게도 태풍의 영향을 전혀 받지않은 3일내내 화창한 날씨속에 기억에 남는 가족여행이었습니다 관광 일정도 좋았고 곳곳에서 먹은 식사와 호텔조식도 상당히 만족도가 좋았습니다 정말 기억에 남는 여행이었습니다 사실 저는 여행자체만으로도 상당히 좋았지만 같이 동행했던 한분을 칭찬하고 싶습니다 사연은 이렇습니다 마지막날 도톤보리 투어중에 부주의로 인해 약30,000엔이 들어있는 돈봉투를 잃어버리고 입국을 하였습니다 김포공항에 도착하여 그분한테 ...",
5,미래,가족여행으로 좋아요,40대,2023.08.18,어쩌다 태풍이 겹쳐 너무 놀랐는데 노소연 가이드분께서 빠른 대처로 같은 호텔에 머물게 되었고 전혀 걱정되지 않았고 진심과 정성이 느켜지는 안내와 웃음도 선물받았습니다 일정 무사히 마치고 좋은추억 만들었습니다 초등4학년 딸이 노소연 가이드분께 별천개 드리라고 하네요 ㅋㅋㅋ,
4.2,yeo*******,커플여행으로 좋아요,40대,2023.08.17,"일본 현지 날씨가 덥고, 일정이 좀 타이트해서 여유롭게 둘러볼 시간이 없어서 좀 아쉬웠습니다. 그러나, 김민좌 가이드 님 덕분에 임신 7개월의 무거운 몸이었음에도 불구하고, 아무 불편함 없이 편안하게 여행 다녀올 수 있었습니다. 너무 감사드려요 ~~",
3.6,che******,가족여행으로 좋아요,50대,2023.08.16,비교적 무난했습니다. 가이드님도 좋았고... 짧은 여행이었지만 행복했어요.,
5,kev*****,아동동반 여행으로 좋아요,40대,2023.08.15,가족과 함께하는 즐거운 여행이 되었습니다,
5,qwert9624,가족여행으로 좋아요,40대,2023.08.15,즐거운 여행이었습니다.뜨거운 열기속에 우리 이명규 가이드님에 역사속 이야기를 재미지게 해주시고 안전을 위해서 챙겨주시고 맛있는곳도 추천해 주시고 편안한 호텔에서 온천도 즐기면서 라면.술 무료제공에 또 한번 즐거웠답니다 그리고 안전하게 운전해주신 기사님 고마웠습니다,
1,con*****,가족여행으로 좋아요,30대,2023.08.15,여행 일정에서 총 5곳은 누락시켰으며 갑자기 일정에없는 구닥 면세점에 방문을 함. 시간조정을 이상하고 자기위주로 맞춰서 (도톤보리30분) 구경할 시간도 없음. 2일차 중식을 먹는데 노환의 부모님이 30초정도 늦게오자 왜그따위냐며 윽박지름. 그 후 매우 불친절하여 서로 불편한 도중 갑자기 제게 다가와 부모님이 버스를 더럽혔다며 4100엔을 요구함. 제가 이따 내려서 얘기하자고하자 아 이따 필요없고 지금 수리비를 줘야한다고함. 언제 그런거냐 따지자 어제 그런거같다고 하더니 왜 이제서야 말해주냐고 하자 이미 소문 다 냈다고 조롱함...,
3.6,ent******,아동동반 여행으로 좋아요,40대,2023.08.14,"한수아 가이드님 덕분에 3박4일 일정 안전하고 좋은 분위기에 재밌는 추억 가득 만들었습니다. 특히, 설명이 너무 좋아서 인상 깊게 남았습니다. 여행기간 동안 너무 애써주셔서 감사드리고, 다음 여행에도 다시 만날수 있었으면 좋겠습니다. 가이드님과의 좋은 인연이 더 오랫동안 기억될것 같습니다. 늘 건강하세요♡",
3.6,son********,가족여행으로 좋아요,30대,2023.08.14,너무 쟁미있었어요ㅋ,
4,yan*****,가족여행으로 좋아요,60대,2023.08.13,무더운날씨에 가이드님 고생많으셨고 오랜만의 가족여행 즐겁게 다녀왔언요^^,
2.4,lin*******,커플여행으로 좋아요,30대,2023.08.12,제일 더울때 가서 진짜 힘듬(평균 37도) 1일차: 도톤보리 갔는데 로드음식도 많고 식사는 그래도 고기 구워 먹어서 맛있었어요. 그리고 호텔 체크인 하구 무난함. 2일차: 9시-18:30분까지 유니버셜 자유시간인데 9시에 도착했는데도 사람이 넘 많아서 물 한병 사고 싶어도 줄 서야 되고 놀이기구는 익스프레스 티켓 없으면 보통 80분 대기라고 생각하시면 됨. 휴가철에 가는건 비추에요. 음식점도 다 자리가 없고 넘 더운데 계속 밖에서 걸어다녀야 됨. 종일 자유라 일본어 안되면 영어라도 해야됨. 저녁에는 일정 따로 없음. 호텔까지 ...,
3.8,ann*****,가족여행으로 좋아요,40대,2023.08.11,너무 한여름에 여행을해서 날씨가 무더웠어요. 하지만 굉장히 즐거운 여행이었어요^^ 저는 하나투어여행상품 만족합니다. 다음번도 이용할 예정이예요~,
5,oek***,가족여행으로 좋아요,40대,2023.08.10,안녕하세요 8월6일부터 9일까지 3박4일 오사카고베 나라 교토 가족여행 잘다녀왔습니다 첫일본 여행인데 노소연 가이드님을 만나 설명도 잘해주시고 무엇보다 친절하셨습니다 다음에도 또다시 일본을 가고싶네요 애써주신 노소연 가이드님 진심으로 감사합니다,
5,han*******,나홀로 여행으로 좋아요,30대,2023.08.09,"혼자 떠난 여행이었는데 호텔 위치, 먹을거리, 일정 다 맘에들었고 일행분들도 좋으셔서 편하게 잘 다녀왔습니다.",
4.2,que***,가족여행으로 좋아요,40대,2023.08.09,매우 덥고 바쁜일정 이었지만 경험많고 노련한 가이드님 덕분에 알차고 재밌게 여행을 즐기고 왔습니다.,
4.8,t01*********,가족여행으로 좋아요,40대,2023.08.08,모든일정이 잘 진행되었습니다...,
4.2,bab*******,나홀로 여행으로 좋아요,70대,2023.08.08,좋았습니다 다음에또가게되면은 가을에가렵니다 너무더워서 .,
5,rlaalekd1,가족여행으로 좋아요,40대,2023.08.08,"이부림 가이드님, 감사합니다 ~ 잊지못할 여행이었네요~ 호텔.음식.위치 관광 다 만족스러워요^^",
3,hgr***,가족여행으로 좋아요,30대,2023.08.07,김미영 가이드님 더운날씨에 고생많으셔써요. 여행 일정이 조금 아쉬운거같아여ㅠ날씨가 더우니 조금도 알찬구성 부탁드릴께요.,
4.4,sta*********,가족여행으로 좋아요,40대,2023.08.07,날씨가 많이 더웠지만 가족여행 즐거웠습니다,
5,osl**,가족여행으로 좋아요,50대,2023.08.06,목포 식구들입니다 이부림 가이드 님 통해서 즐거운 여행하였습니다 오랜만의 해외여행으로 또 무더운 날씨로 걱정을 했지만 역시 패키지 여행을 잘 선택했고 친절하시고 열정적인 가이드님 덕분에 잘 힐링하였습니다 더운 날씨에 급하지 않게 또 지치지 않게 잘 이끌어 주신 이부임 가이드님이 최고셨습니다 좋은 여행 감사합니다,
4.8,정이,커플여행으로 좋아요,20대,2023.08.06,"더운 여름 편하게 여행하고 싶어서 처음으로 일본여행을 패키지로 예약해봤어요! 김동욱 가이드님 ! 욱상~ 덕분에 재미있고 일본에 대해 몰랐던 정보도 많이 알고 가네요👍 다음 일본여행에 또 만나고 싶어요😊 일정대로 잘 진행되었고, 숙소도 좋았어요~ 다음에도 여행가면 패키지로 가려고요🤭",
1.4,suk**,친구모임으로 좋아요,60대,2023.08.05,호텔식사 자리수보다 인원이 많아 대기시간이 길었다. 전체 겉만보는 일정이며 내부까지 안내는부족했다. 하나 투어 를 애용하는 고객으로서 이번 여행의 높은점수는 아닙니다. 감사합니다!,
5,cae*******,가족여행으로 좋아요,30대,2023.08.05,"가격대비 만족한 여행입니다.(가성비 좋음) 원하는 장소가 모객이 안 되어 급하게 변경한 상품입니다. 에어부산도 처음이고, 8월 1일 오사카가 무더울 것 같아 걱정이었는데, 기대 이상으로 좋았어요. 1. 에어부산 좋았습니다. 2. 버스가 쾌적해서 무더위에 다닐만 했어요. 3. 한여름 무더위에는 2박3일 일정이 좋네요. 더 길었으면 체력적으로 힘들었을 것 같아요. 4. 첫 날 저녁 자유시간, 둘째 날 저녁 여유시간이 좋았어요. 가족들과 오사카에서 즐거운 시간 보냈습니다. 5. 호텔이 약간 좁았지만, 리모델링해서 깨끗한 벽지, 깨끗한...",
5,lkw****,가족여행으로 좋아요,20대,2023.08.04,가이드님 덕분에 재밌고 좋은 설명들과 알찬 일정으로 좋은 여행이였습니다 !!!,
3.6,bel********,가족여행으로 좋아요,40대,2023.08.03,가성비 좋은 여행이에요.,
4.8,hs8***,기타,40대,2023.08.03,"10년째 같이 살고있는 아파트 4식구들(17명)과 함께 일본여행을 추진하여 이 상품으로 다녀왔습니다 저희를 인솔해주신 ""양윤정""가이드님 덕분에 일본 역사와 그 나라의 히스토리를 전반적으로 듣게 되었습니다 본인의 경험담과 함께 설명해주셔서 너무나도 감사한 여행이였습니다 베터랑이 왜 중요한지 다시한번 깨닫게 되었고 기회가 된다면 다시한번 만나서 같이 여행을 갔으면 좋겠습니다 상품일정도 너무나도 만족스러웠습니다",
4,lee*****,가족여행으로 좋아요,40대,2023.08.03,10명 가족여행이였는데 다들 잘다녀왔다고 만족하였고 특히 중고등학생 자녀들이 좋아했습니다. 이병찬가이드님 너무 친절하시고 자세한설명해주시고 좋은아이템 추천해주셔서 덕분에 잘다녀왔습니다. 감사합니다. 유아란상담사님 바쁘실텐데 일정변경 진행 빠르게 도와주시고 자세한설명과 친절한 응대 감사드립니다.,
4,mjk******,가족여행으로 좋아요,40대,2023.08.02,가이드님 넘 열심히해주셔서 감사합니다. 다좋았어요. 그런데 필요없어보이는곳의. 관광이 한두군데 ㅜ시간이더필요한곳에서 더주시고 주조박물관은 갈필요가 없어보여요. 사슴공원은 충분히봐도되는데 안가고 그위에 절은왜갔는지모르겠어요.입장도 안하면서 .ㅋ 그래도 가이드님 점수는 100점으로 즐거운여행했습니다.,
5,jae******,가족여행으로 좋아요,40대,2023.08.01,"신혼여행때부터 시작하여 여행 할때마다 항상 하나투어를 이용합니다. 가격대비 만족합니다. 이번 일본여행에 인솔자이면서 김양숙 가이드님 조근조근 설명도 잘 해주시고, 무척 친절하셔서 더욱 유익한 여행이었던거 같습니다. 다음 여행도 함께 하고싶은 가이드님입니다. 하나투어 여행사 최고입니다^^👍 하나투어 여행사 많은 여행자가 이용하여 번창하길 기원합니다. 감사합니다♡♡",
4,미슬,커플여행으로 좋아요,50대,2023.07.31,일정도 재미있고 좋았지만 특히 가이드분이 친절하시고 특히 일과가 끝나도 밤거리풍경 즐기는법. 대줌교통야용방법 여러가지 신경써주시는데 이런 가이드분이 있는 여행이라면 또 가고싶슴니다 여행지 가는곳 갈때마다 설영은 또 얼마나 잘해주시던지 가이드님 너무든든하고 유익했슴니다 감사합니다,
4.8,sjs*****,가족여행으로 좋아요,50대,2023.07.30,"3박4일 아동 동반 가족여행이었습니다. 호텔 2곳 다 마음에 들었고 조식도 좋았습니다. 마지막 날 온천도 좋았어요! 그곳에서 2박도 좋을것같습니다. 아이가 온천을 좋아해서 저녁에 한번~ 새벽에도 한번 더 들어갔네요. 점심으로 먹었던 스키야끼도 맛있었구요. 스시도 맛있었어요. 즐거운 가족여행이 되어 만족합니다. 그리고 무엇보다 임윤희 가이드 선생님께 감사합니다. 33명 인솔하기가 쉽지 않은데, 베테랑답게 잘 인솔해주셨고.. 하는 일에 자부심을 가지고 즐겁게 임하시는 모습이 참 좋았습니다. 여행객들 상황에 맞게 배...",
5,yeo*********,나홀로 여행으로 좋아요,20대,2023.07.30,최규순 가이드님 너무 친절하시고 안내도 잘 해주셔서 즐거운 여행 됐습니다~~^^,
5,lhj*******,가족여행으로 좋아요,50대,2023.07.29,가이드님의 자세한 설명과 가족같은 분위기 좋았습니다,
5,khb****,친구모임으로 좋아요,20대,2023.07.29,"코로나로 인해 몇 년간 가지 못했던 해외 여행을 오랜만에 가게 되었는데, 너무나도 즐겁고 유익한 시간을 보낼 수 있었습니다! 오사카, 교토, 나라, 고베 등 많은 지역을 알차게 보고 즐길 수 있었고, 버스로 이동하는 내내 이 지역들과 관련된 즐거운 이야기와 흥미로운 역사적 사실도 알게 되어서 유익했던 3박 4일간의 여행이였습니다 :) 여행 하는 내내, 한팀 한팀 신경써서 살펴주시는 덕에 편안하게 여행할 수 있어서 매우 만족했습니다. 다음에 또 일본으로 여행을 가게 되면, 이근호 가이드님과 함께 하면 즐거울 것 같다는 생각이 들었...",
3,bin******,가족여행으로 좋아요,50대,2023.07.28,코로나 때문에 그동안 가지 못했던 해외여행을 오사카로 다시 시작하게 되었네요 같이 가신 분들도 별 탈 없이 무난하니 좋았구요 다만 인원수가 많지 않아서 미니 버스가 제공되었는데 덥고 좁아서 좀 아쉬웠지만 나름 소규모라 더 다행이었을지도~ 맑은 하늘이 인상적이긴 했는데 진~~~짜 덥더라구요 1일 2빙수 했습니다 첫날 온천호텔에서 피로도 풀고 둘째날 교토 관광과 도톤보리 셋째날 대망의 유니버셜까지 마지막날 우리 아이가 유니버셜 닌텐도월드를 입장을 못해서 한번 더 가고 싶다며 아쉬워 하더군요 ㅋ 좀 힘들긴 했지만 재밌는 여행 이었...,
4.8,sun********,가족여행으로 좋아요,50대,2023.07.27,이현경 가이드님 덕분에 즐겁고 행복한 가족여행이였습니다~,
4.4,kim****,가족여행으로 좋아요,40대,2023.07.25,가성비 좋은 여행이었습니다 어린자녀들을 데리고 가기 좋은여행이었고 가이드분이 하나하나 신경쓰시면서 재미있었어요!,
4.2,minpark1,가족여행으로 좋아요,40대,2023.07.24,가이드님이 친절하시고 일본역사에 대해서도 많이 얘기해주시고 더웠지만 즐거웠던 여행이었습니다~다 가이드님 덕분이라 생각합니다~,
4.4,lee********,가족여행으로 좋아요,30대,2023.07.24,패키지 다녀보면서 가이드(임동주)님이 열정적으로 설명해 주시는 모습을 처음 본 것 같습니다 일정도 좋았고 알찼던 여행이었습니다,
5,mid********,가족여행으로 좋아요,40대,2023.07.23,"늘 바쁜 일정에 큰 기대없이 예약하였습니다. 그러나, 실제 여행은 너무나 알찬 여정이였네요. 다음에도 패키지로 가야할것 같아요. 너나 만족스러운 여행이였습니다",
4.6,est***,커플여행으로 좋아요,40대,2023.07.22,good biwako nice food,
4.6,jjj********,가족여행으로 좋아요,50대,2023.07.21,가족여행에 친절한가이드님과 현지기사님 모두만족했습니다,
5,sop*****,커플여행으로 좋아요,40대,2023.07.21,가이드님께서 자세한 설명과 배려로 좋았습니다.,
4.4,cdy****,친구모임으로 좋아요,20대,2023.07.21,"입국/출국할 때 모두 진에어를 이용했는데 30분에서 한시간 반 동안 미뤄져서 아쉬운 부분이 많았습니다 ㅠㅠ 그래도 비행 부분 말고는 모두 좋은 기억밖에 안남았네요..ㅎㅎ 친구와 첫 여행이였는데 여행 준비부터 끝 마칠 때 까지 도와주시고, 3박 4일동안 신나고 행복한 추억들을 만들 수 있게 도와주셨던 김정우 가이드님 너무 감사합니다😆😆",
4.4,pea******,커플여행으로 좋아요,60대,2023.07.19,일본여행 몇번째인데 그중에 제일 친절하고 착하고 설명도 잘해주시는 안지은가이드님 덕분에 여행잘했습니다 호텔과 식사도 넘 좋았어요,
5,sml***,가족여행으로 좋아요,40대,2023.07.18,이지은가이드님? 너무 친절하시고 원하는곳도 따로볼수있게 배려도 해주시고~~한국 돌아와 수화물찾고 나오는데 서서 마지막까지 배웅해주시더라고요~~인상깊었네요~^^날씨가 더웠지만 즐거운여행이었네요~~,
5,sbl******,가족여행으로 좋아요,50대,2023.07.16,"무더운 날씨였지만 노소연가이드선생님의 탄탄한 어랜지와 세심한 배려로 정말 멋진 여행이었습니다. 하나투어는 일정뿐만 아니라 탁월한 가이드 선생님을 보내주셔서 일본 여행 최고 프로그램을 만들어주셨다고 생각합니다. 노선생님, 수고 많으셨습니다. 다음에 북해도 여행에서 만날 수 있기를 소망합니다. 감사합니다^^",
4.6,미혀니,가족여행으로 좋아요,40대,2023.07.15,안지은 가이드님 덕에 즐거운 가족여행 이였습니다~ 관광지마다 설명도 너무 잘해주시고 무엇보다 너무 친절하게 대해 주셔서 가족들포함 일행들 모두 마지막까지 너무 만족 스러운 여행이였어요~ 안지은 가이드님!!! 감사합니다^^,
5,pig*****,가족여행으로 좋아요,20대,2023.07.13,정말 만족스러웠어요,
4.6,hhh***,가족여행으로 좋아요,40대,2023.07.12,가격 대비 만족스러웠습니다,
4.4,tot****,아동동반 여행으로 좋아요,40대,2023.07.12,코로나 이후 처음 해외여행 일본 오사카 잘 다녀왔습니다 가족모두 대 만족!!,
5,hou*****,커플여행으로 좋아요,50대,2023.07.11,아름다운 추억한장 추가하네요. 패키지의 꽃은 가이드의 능력이라고 하던데 이부림가이드님의 노련한 진행으로 여행의 즐거움과 함께한분들과의 동행이 빛났습니다.감사하고 수고많으셨어요^.^,
4.8,hhk****,가족여행으로 좋아요,50대,2023.07.11,"여행은 날씨가 중요하잖아요. 비 온다는 예보 듣고 걱정을 좀 했는데 다행히 비가 많이 내리지 않고 흐려서 다니기 수월했어요. 관광 코스도 만족스럽고 식사도 다양하게 준비해주시고 호텔은 넓직하고 침대가 좋더라구요. 아이들이 잘 다녀줄까 걱정했지만 시간이 너무 빠듯하지 않고 자유롭게 다닐 수 있어서 눈으로 많이 보고, 마음으로 느끼고 왔습니다. 차 안 이동 시간에는 이부림 가이드님이 일본의 역사나 문화에 대해 설명도 잘 해 주시고, 한팀 한팀 말 한마디라도 챙겨주시려 노력하시는 모습이 좋았어요. 28명이 여행 동행자로 처음 만났...",
4.2,shk****,커플여행으로 좋아요,40대,2023.07.11,예상보다 만족스러운 여행이었습니다. 가이드님이 자상하게 이끌어 주셔서 그런거 같네요. 다음에도 뵜으면 좋겠어요.,
5,osy****,가족여행으로 좋아요,40대,2023.07.11,이부림가이드님 덕분에 이번여행내내 매우 즐거웠고 편안했습니다 식사 모두 맛있었고 특히 회를 못먹는 아이를위해 다른 메뉴로 변경해주시는 세심한 배려에 감동받았습니다 2박3일이라 일정은 짧았지만 짧다고 느껴지지 않았을만큼 처음부터 끝까지 매우 알찼고 중간중간 가이드님의 설명과 재미난 이야기에 전혀 지루하지않았습니다 다른일행분들도 굉장히 유쾌한분들을 만나 큰 행운이었습니다 친해질 쯤 헤어지려니 너무 아쉬웠어요 다음번 여행도 이부림 가이드님을 또 만나고 싶네요 너무나 고생하셨고 감사했습니다^^,
4.6,rud*******,아동동반 여행으로 좋아요,40대,2023.07.10,"딸과함께한 첫 일본여행이었습니다 설레는 마음으로 공항에 도착해서 비행기를 타고 일본도착해서 여행목적지에 가는버스안에서 그곳의 역사 에 대해서 이해하기 쉽게 설명을 잘해주셔서 너무 좋았습니다. 가이드분께서 너무 잘설명해주셔서 저희딸아이가 일본의 문화, 역사에 대해서 짧지만 여러가지를 얻고온거 같았습니다. 다음 여행에서도 이부림가이드분과 함께 하고싶은 마음입니다",
5,dre******,가족여행으로 좋아요,40대,2023.07.06,"가족과 함께하는 첫 패키지 여행이였어요!!짧은일정에 단체여행이여서 별기다안하고 갔는데,단체여행자 분들도 잘만나서 넘좋았어요~~아무탈없이 2박3일 잘보낸거 같아요~~또 패키지 여행중에 중요한것!!!가이드님을 잘만나야 된다는 말을 많이 들었는데,2박3일동안 수고 많으신 이부림 가이드님!!!좋으신 가이드 만나서 정말정말 행복했습니다!!!일본에 대해 너무너무 잘설명 해주시고,패키지 이지만 패키지 같지 않은 자유시간도 널널하게 주시고,먹는거,쇼핑센터 ,호텔까지 너무 맘에들었어요!!!가이드님 덕분에 첫가족여행 행복하고 좋았습니다!다음에 기회가...",
4.4,doc******,친구모임으로 좋아요,50대,2023.07.05,"여행은 누구랑 가는냐~ 어떤 가이드를 만남에 좀 다른것 같아요. 이번 여행에 설명을 너무 잘해주시고,잘 챙겨 주신 가이드님을 만나서 한층 더 즐거운 여행이였습니다^^~😊👍",
3.2,lap*****,기타,40대,2023.07.03,무난한 여행이었습니다.,
4.8,woo*****,커플여행으로 좋아요,60대,2023.07.01,가이드에 친절한 설명 적당한 인원 차량 서로 배려 하는 여행 인들 참 좋았어요,
2.6,kis*********,가족여행으로 좋아요,40대,2023.06.28,숙소에 작은 목욕탕이 있어서 좋았다. 그러나 음식이 좀 별로 였고 마지막에 면세점에서 시간낭비 한것 같았다,
